	COMMON.id	COMMON.assoc	COMMON.name	COMMON.xpos	COMMON.ypos	COMMON.width	COMMON.height	COMMON.attribs	COMMON.colorf	COMMON.colorb	COMMON.texturenumber	COMMON.fontnumber	COMMON.active	COMMON.commonattribs	COMMON.help	totalgadgets	VERSION.major	VERSION.minor	VERSION.revision	panel	crdefault	escdefault	defaultfocus	hotornot	text	status	quickkey	grayedout	stages	filename	link	range	thick	knobpos	knobsize	maxchars	itemheight
ALLIES.GADGET0	0	205	allies.GUI	240	108	241	339	52685	52685	52685	0	-51	1	-51		40	-51	-51	-51		OK	OK	OK														
ALLIES.GADGET1	6	0	LOGO0	10	12	130	20	0	15	0	0	0	1	0										0													
ALLIES.GADGET2	6	0	LOGO1	10	35	130	20	0	15	0	0	0	1	0										0													
ALLIES.GADGET3	6	0	LOGO2	10	58	130	21	0	15	0	0	0	1	0										0													
ALLIES.GADGET4	6	0	LOGO3	10	82	130	19	0	15	0	0	0	1	0										0													
ALLIES.GADGET5	6	0	LOGO4	10	104	130	20	0	15	0	0	0	1	0										0													
ALLIES.GADGET6	6	0	LOGO5	10	127	130	20	0	15	0	0	0	1	0										0													
ALLIES.GADGET7	6	0	LOGO6	10	150	130	20	0	15	0	0	0	1	0										0													
ALLIES.GADGET8	6	0	LOGO7	10	173	130	20	0	15	0	0	0	1	0										0													
ALLIES.GADGET9	6	0	LOGO8	10	196	130	20	0	15	0	0	0	1	0										0													
ALLIES.GADGET10	6	0	LOGO9	10	219	130	20	0	15	0	0	0	1	0										0													
ALLIES.GADGET11	5	0	PLAYER0	14	14	120	15	26	15	0	0	0	1	102																							
ALLIES.GADGET12	5	0	PLAYER1	15	36	120	16	26	15	0	0	0	1	102																							
ALLIES.GADGET13	5	0	PLAYER2	16	60	116	17	26	15	0	0	0	1	102																							
ALLIES.GADGET14	5	0	PLAYER3	18	84	116	15	26	15	0	0	0	1	102																							
ALLIES.GADGET15	5	0	PLAYER5	15	129	120	16	26	15	0	0	0	1	102																							
ALLIES.GADGET16	5	0	PLAYER6	15	152	120	16	26	15	0	0	0	1	102																							
ALLIES.GADGET17	5	0	PLAYER7	15	176	120	15	26	15	0	0	0	1	102																							
ALLIES.GADGET18	5	0	PLAYER8	15	200	120	14	26	15	0	0	0	1	102																							
ALLIES.GADGET19	1	0	OK	79	297	96	31	2	0	0	0	0	1	0											OK	0	79	0	0								
ALLIES.GADGET20	5	0	PLAYER4	14	106	120	15	26	15	0	0	0	1	102																							
ALLIES.GADGET21	5	0	TEXT	64	250	106	17	18	15	0	0	0	1	0											Allied Victory												
ALLIES.GADGET22	1	0	VICTORY	69	268	120	20	1	0	0	0	0	1	0											Off|On	0	102	0	2								
ALLIES.GADGET23	1	0	ALLYx	145	12	38	20	1	0	0	0	0	1	0												0	0	0	4								
ALLIES.GADGET24	1	0	ALLYx	145	35	38	20	1	0	0	0	0	1	0												0	0	0	4								
ALLIES.GADGET25	1	0	ALLYx	145	59	38	20	1	0	0	0	0	1	0												0	0	0	4								
ALLIES.GADGET26	1	0	ALLYx	145	82	38	20	1	0	0	0	0	1	0												0	0	0	4								
ALLIES.GADGET27	1	0	ALLYx	145	104	38	20	1	0	0	0	0	1	0												0	0	0	4								
ALLIES.GADGET28	1	0	ALLYx	145	127	38	20	1	0	0	0	0	1	0												0	0	0	4								
ALLIES.GADGET29	1	0	ALLYx	145	150	38	20	1	0	0	0	0	1	0												0	0	0	4								
ALLIES.GADGET30	1	0	ALLYx	145	173	38	20	1	0	0	0	0	1	0												0	0	0	4								
ALLIES.GADGET31	1	0	ALLYx	145	196	38	20	1	0	0	0	0	1	0												0	0	0	4								
ALLIES.GADGET32	1	0	ALLYx	145	219	38	20	1	0	0	0	0	1	0												0	0	0	4								
ALLIES.GADGET33	1	0	TEAMICONSx	193	12	38	20	1	0	0	0	0	1	0												0	0	0	12								
ALLIES.GADGET34	1	0	TEAMICONSx	193	35	38	20	1	0	0	0	0	1	0												0	0	0	12								
ALLIES.GADGET35	1	0	TEAMICONSx	193	59	38	20	1	0	0	0	0	1	0												0	0	0	12								
ALLIES.GADGET36	1	0	TEAMICONSx	193	82	38	20	1	0	0	0	0	1	0												0	0	0	12								
ALLIES.GADGET37	1	0	TEAMICONSx	193	104	38	20	1	0	0	0	0	1	0												0	0	0	12								
ALLIES.GADGET38	1	0	TEAMICONSx	193	127	38	20	1	0	0	0	0	1	0												0	0	0	12								
ALLIES.GADGET39	1	0	TEAMICONSx	193	150	38	20	1	0	0	0	0	1	0												0	0	0	12								
ALLIES.GADGET40	1	0	TEAMICONSx	193	173	38	20	1	0	0	0	0	1	0												0	0	0	12								
ALLIES.GADGET41	1	0	TEAMICONSx	193	196	38	20	1	0	0	0	0	1	0												0	0	0	12								
ALLIES.GADGET42	1	0	TEAMICONSx	193	219	38	20	1	0	0	0	0	1	0												0	0	0	12								
ALLIES.GADGET43	5	0	PLAYER9	15	224	120	14	26	15	0	0	0	1	102																							
ARMAAP1.GADGET0	0	0	HEADER	0	128	128	352	0	0	0	0	0	1	0		17	1	0	0	ARMPAN																	
ARMAAP1.GADGET1	7	0	ARMFONT	0	0	0	0	0	0	0	0	0	1	0																armbutt							
ARMAAP1.GADGET2	1	0	ARMORDERS	3	4	59	19	16	15	0	0	0	1	0												0	111										
ARMAAP1.GADGET3	1	0	ARMBUILD	65	4	59	19	16	15	0	0	0	1	0												0	98										
ARMAAP1.GADGET4	1	1	ARMMOVE	5	247	55	31	64	15	0	0	0	1	0												0	77										
ARMAAP1.GADGET5	1	1	ARMSTOP	64	247	55	31	0	15	0	0	0	1	0												0	83										
ARMAAP1.GADGET6	1	1	ARMPATROL	64	282	55	31	64	15	0	0	0	1	0												0	80										
ARMAAP1.GADGET7	1	77	ARMLANCE	64	91	64	64	32	15	0	0	0	1	4																							
ARMAAP1.GADGET8	1	77	ARMHAWK	0	155	64	64	32	15	0	0	0	1	4																							
ARMAAP1.GADGET9	1	0	IGPATCH	64	155	64	64	32	0	0	0	0	1	0														1									
ARMAAP1.GADGET26	1	1	ARMATTACK	5	317	55	31	64	15	0	0	0	1	0												0	65										
ARMAAP1.GADGET27	1	1	ARMDEFEND	5	282	55	31	64	15	0	0	0	1	0													113										
ARMAAP1.GADGET17	1	1	ARMBLAST	64	317	55	31	64	15	0	0	0	1	0													100										
ARMACA2.GADGET0	0	0	HEADER	0	128	128	352	0	0	0	0	0	1	0		17	1	0	0	ARMPAN																	
ARMACA2.GADGET1	7	0	ARMBUTT	0	0	0	0	0	0	0	0	0	1	0																armbutt							
ARMACA2.GADGET2	1	1	ARMMOVE	5	247	55	31	64	15	0	0	0	1	0												0	77	0									
ARMACA2.GADGET3	1	1	ARMSTOP	64	247	55	31	0	15	0	0	0	1	0												0	83	0									
ARMACA2.GADGET4	1	1	ARMPATROL	64	282	55	31	64	15	0	0	0	1	0												0	80	0									
ARMACA2.GADGET5	1	1	ARMATTACK	5	317	55	31	64	15	0	0	0	1	0												0	65										
ARMACA2.GADGET6	1	1	ARMDEFEND	5	282	55	31	64	15	0	0	0	1	0												0	103										
ARMACA2.GADGET7	1	0	IGPATCH	64	91	64	64	32	0	0	0	0	1	0														1									
ARMACA2.GADGET8	1	0	IGPATCH	0	155	64	64	32	0	0	0	0	1	0														1									
ARMACA2.GADGET9	1	0	IGPATCH	64	155	64	64	32	0	0	0	0	1	0														1									
ARMACA2.GADGET27	1	0	ARMORDERS	3	4	59	19	16	15	0	0	0	1	0												0	111	0									
ARMACA2.GADGET28	1	0	ARMBUILD	65	4	59	19	16	15	0	0	0	1	0												0	98	0									
ARMACA2.GADGET17	1	1	ARMBLAST	64	317	55	31	64	15	0	0	0	1	0													100										
ARMACK2.GADGET0	0	0	HEADER	0	128	128	352	0	0	0	0	0	1	0		17	1	0	0	ARMPAN																	
ARMACK2.GADGET1	7	0	ARMBUTT	0	0	0	0	0	0	0	0	0	1	0																armbutt							
ARMACK2.GADGET2	1	1	ARMMOVE	5	247	55	31	64	15	0	0	0	1	0												0	77	0									
ARMACK2.GADGET3	1	1	ARMSTOP	64	247	55	31	0	15	0	0	0	1	0												0	83	0									
ARMACK2.GADGET4	1	1	ARMPATROL	64	282	55	31	64	15	0	0	0	1	0												0	80	0									
ARMACK2.GADGET5	1	1	ARMATTACK	5	317	55	31	64	15	0	0	0	1	0												0	65										
ARMACK2.GADGET6	1	1	ARMDEFEND	5	282	55	31	64	15	0	0	0	1	0												0	103										
ARMACK2.GADGET7	1	0	IGPATCH	64	91	64	64	32	0	0	0	0	1	0														1									
ARMACK2.GADGET8	1	0	IGPATCH	0	155	64	64	32	0	0	0	0	1	0														1									
ARMACK2.GADGET9	1	0	IGPATCH	64	155	64	64	32	0	0	0	0	1	0														1									
ARMACK2.GADGET27	1	0	ARMORDERS	3	4	59	19	16	15	0	0	0	1	0												0	111	0									
ARMACK2.GADGET28	1	0	ARMBUILD	65	4	59	19	16	15	0	0	0	1	0												0	98	0									
ARMACK2.GADGET17	1	1	ARMBLAST	64	317	55	31	64	15	0	0	0	1	0													100										
ARMACV2.GADGET0	0	0	HEADER	0	128	128	352	0	0	0	0	0	1	0		17	1	0	0	ARMPAN																	
ARMACV2.GADGET1	7	0	ARMBUTT	0	0	0	0	0	0	0	0	0	1	0																armbutt							
ARMACV2.GADGET2	1	1	ARMMOVE	5	247	55	31	64	15	0	0	0	1	0												0	77	0									
ARMACV2.GADGET3	1	1	ARMSTOP	64	247	55	31	0	15	0	0	0	1	0												0	83	0									
ARMACV2.GADGET4	1	1	ARMPATROL	64	282	55	31	64	15	0	0	0	1	0												0	80	0									
ARMACV2.GADGET5	1	1	ARMATTACK	5	317	55	31	64	15	0	0	0	1	0												0	65										
ARMACV2.GADGET6	1	1	ARMDEFEND	5	282	55	31	64	15	0	0	0	1	0												0	103										
ARMACV2.GADGET7	1	0	IGPATCH	64	91	64	64	32	0	0	0	0	1	0														1									
ARMACV2.GADGET8	1	0	IGPATCH	0	155	64	64	32	0	0	0	0	1	0														1									
ARMACV2.GADGET9	1	0	IGPATCH	64	155	64	64	32	0	0	0	0	1	0														1									
ARMACV2.GADGET27	1	0	ARMORDERS	3	4	59	19	16	15	0	0	0	1	0												0	111	0									
ARMACV2.GADGET28	1	0	ARMBUILD	65	4	59	19	16	15	0	0	0	1	0												0	98	0									
ARMACV2.GADGET17	1	1	ARMBLAST	64	317	55	31	64	15	0	0	0	1	0													100										
ARMAMD1.GADGET0	0	0	HEADER	0	128	128	352	0	0	0	0	0	1	0		17	1	0	0	ARMPAN																	
ARMAMD1.GADGET1	7	0	ARMBUTT	0	0	0	0	0	0	0	0	0	1	0																armbutt							
ARMAMD1.GADGET2	1	1	ARMMOVE	5	247	55	31	64	15	0	0	0	1	0													109										
ARMAMD1.GADGET3	1	1	ARMSTOP	64	247	55	31	0	15	0	0	0	1	0													115										
ARMAMD1.GADGET4	1	1	ARMPATROL	64	282	55	31	64	15	0	0	0	1	0													112										
ARMAMD1.GADGET5	1	1	ARMATTACK	5	317	55	31	64	15	0	0	0	1	0													97										
ARMAMD1.GADGET6	1	1	ARMDEFEND	5	282	55	31	64	15	0	0	0	1	0													103										
ARMAMD1.GADGET7	1	0	IGPATCH	64	91	64	64	32	0	0	0	0	1	0														1									
ARMAMD1.GADGET8	1	0	IGPATCH	0	155	64	64	32	0	0	0	0	1	0														1									
ARMAMD1.GADGET9	1	0	IGPATCH	64	155	64	64	32	0	0	0	0	1	0														1									
ARMAMD1.GADGET27	1	0	ARMORDERS	3	4	59	19	16	15	0	0	0	1	0													111										
ARMAMD1.GADGET28	1	0	ARMBUILD	65	4	59	19	16	15	0	0	0	1	0													98										
ARMAMD1.GADGET17	1	1	ARMBLAST	64	317	55	31	64	15	0	0	0	1	0													100										
ARMAP1.GADGET0	0	0	HEADER	0	128	128	352	0	0	0	0	0	1	0		17	1	0	0	ARMPAN																	
ARMAP1.GADGET1	7	0	ARMFONT	0	0	0	0	0	0	0	0	0	1	0																armbutt							
ARMAP1.GADGET2	1	0	ARMORDERS	3	4	59	19	16	15	0	0	0	1	0												0	111										
ARMAP1.GADGET3	1	0	ARMBUILD	65	4	59	19	16	15	0	0	0	1	0												0	98	0									
ARMAP1.GADGET4	1	1	ARMMOVE	5	247	55	31	64	15	0	0	0	1	0												0	77										
ARMAP1.GADGET5	1	1	ARMSTOP	64	247	55	31	0	15	0	0	0	1	0												0	83										
ARMAP1.GADGET6	1	1	ARMPATROL	64	282	55	31	64	15	0	0	0	1	0												0	80										
ARMAP1.GADGET7	1	77	ARMTHUND	64	91	64	64	32	15	0	0	0	1	4												0	0										
ARMAP1.GADGET8	1	77	ARMATLAS	0	155	64	64	32	15	0	0	0	1	4												0	0										
ARMAP1.GADGET9	1	0	IGPATCH	64	155	64	64	32	0	0	0	0	1	0														1									
ARMAP1.GADGET26	1	1	ARMATTACK	5	317	55	31	64	15	0	0	0	1	0												0	65										
ARMAP1.GADGET27	1	1	ARMDEFEND	5	282	55	31	64	15	0	0	0	1	0												0	103										
ARMAP1.GADGET17	1	1	ARMBLAST	64	317	55	31	64	15	0	0	0	1	0													100										
ARMASY1.GADGET0	0	0	HEADER	0	128	128	352	0	0	0	0	0	1	0		17	1	0	0	ARMPAN																	
ARMASY1.GADGET1	7	0	ARMFONT	0	0	0	0	0	0	0	0	0	1	0																armbutt							
ARMASY1.GADGET2	1	0	ARMORDERS	3	4	59	19	16	15	0	0	0	1	0												0	111										
ARMASY1.GADGET3	1	0	ARMBUILD	65	4	59	19	16	15	0	0	0	1	0												0	98	0									
ARMASY1.GADGET4	1	1	ARMMOVE	5	247	55	31	64	15	0	0	0	1	0												0	77										
ARMASY1.GADGET5	1	1	ARMSTOP	64	247	55	31	0	15	0	0	0	1	0												0	83										
ARMASY1.GADGET6	1	1	ARMPATROL	64	282	55	31	64	15	0	0	0	1	0												0	80										
ARMASY1.GADGET7	1	77	ARMMSHIP	64	91	64	64	32	15	0	0	0	1	4												0	0										
ARMASY1.GADGET8	1	77	ARMCRUS	0	155	64	64	32	15	0	0	0	1	4												0	0										
ARMASY1.GADGET9	1	0	ARMBATS	64	155	64	64	32	15	0	0	0	1	4												0	0	0									
ARMASY1.GADGET26	1	1	ARMATTACK	5	317	55	31	64	15	0	0	0	1	0												0	65										
ARMASY1.GADGET27	1	1	ARMDEFEND	5	282	55	31	64	15	0	0	0	1	0												0	103										
ARMASY1.GADGET17	1	1	ARMBLAST	64	317	55	31	64	15	0	0	0	1	0													100										
ARMAVP2.GADGET0	0	0	HEADER	0	128	128	352	0	0	0	0	0	1	0		17	1	0	0	ARMPAN																	
ARMAVP2.GADGET1	7	0	ARMFONT	0	0	0	0	0	0	0	0	0	1	0																armbutt							
ARMAVP2.GADGET2	1	0	ARMORDERS	3	4	59	19	16	15	0	0	0	1	0												0	111										
ARMAVP2.GADGET3	1	0	ARMBUILD	65	4	59	19	16	15	0	0	0	1	0												0	98	0									
ARMAVP2.GADGET4	1	1	ARMMOVE	5	247	55	31	64	15	0	0	0	1	0												0	77										
ARMAVP2.GADGET5	1	1	ARMSTOP	64	247	55	31	0	15	0	0	0	1	0												0	83										
ARMAVP2.GADGET6	1	1	ARMPATROL	64	282	55	31	64	15	0	0	0	1	0												0	80										
ARMAVP2.GADGET7	1	0	IGPATCH	64	91	64	64	32	0	0	0	0	1	0														1									
ARMAVP2.GADGET8	1	0	IGPATCH	0	155	64	64	32	0	0	0	0	1	0														1									
ARMAVP2.GADGET9	1	0	IGPATCH	64	155	64	64	32	0	0	0	0	1	0														1									
ARMAVP2.GADGET26	1	1	ARMATTACK	5	317	55	31	64	15	0	0	0	1	0												0	65										
ARMAVP2.GADGET27	1	1	ARMDEFEND	5	282	55	31	64	15	0	0	0	1	0												0	103										
ARMAVP2.GADGET17	1	1	ARMBLAST	64	317	55	31	64	15	0	0	0	1	0													100										
ARMCOM1.GADGET0	0	0	HEADER	0	128	128	352	0	0	0	0	0	1	0		17	1	0	0	ARMPAN																	
ARMCOM1.GADGET1	7	0	ARMFONT	0	0	0	0	0	0	0	0	0	1	0																armbutt							
ARMCOM1.GADGET2	1	0	ARMPREV	8	222	44	16	2	15	0	0	0	1	0																							
ARMCOM1.GADGET3	1	0	ARMNEXT	72	222	44	16	2	15	0	0	0	1	0																							
ARMCOM1.GADGET4	1	0	ARMSOLAR	0	27	64	64	32	15	0	0	0	1	4																							
ARMCOM1.GADGET5	1	0	ARMWIN	64	27	64	64	32	15	0	0	0	1	4																							
ARMCOM1.GADGET6	1	0	ARMESTOR	0	91	64	64	32	15	0	0	0	1	4																							
ARMCOM1.GADGET7	1	0	ARMMSTOR	64	91	64	64	32	15	0	0	0	1	4																							
ARMCOM1.GADGET8	1	0	ARMMEX	0	155	64	64	32	15	0	0	0	1	4																							
ARMCOM1.GADGET9	1	0	ARMMAKR	64	155	64	64	32	15	0	0	0	1	4																							
ARMCOM1.GADGET10	1	0	ARMORDERS	3	4	59	19	16	15	0	0	0	1	0													111										
ARMCOM1.GADGET11	1	0	ARMBUILD	65	4	59	19	16	15	0	0	0	1	0													98										
ARMCOM1.GADGET12	1	1	ARMMOVE	5	247	55	31	64	15	0	0	0	1	0													109										
ARMCOM1.GADGET13	1	1	ARMSTOP	64	247	55	31	0	15	0	0	0	1	0													115										
ARMCOM1.GADGET14	1	1	ARMPATROL	64	282	55	31	64	15	0	0	0	1	0													112										
ARMCOM1.GADGET15	1	1	ARMATTACK	5	317	55	31	64	15	0	0	0	1	0													97										
ARMCOM1.GADGET16	1	1	ARMDEFEND	5	282	55	31	64	15	0	0	0	1	0													103										
ARMCOM1.GADGET17	1	1	ARMBLAST	64	317	55	31	64	15	0	0	0	1	0													100										
ARMCOM2.GADGET0	0	0	HEADER	0	128	128	352	0	0	0	0	0	1	0		17	1	0	0	ARMPAN																	
ARMCOM2.GADGET1	7	0	ARMFONT	0	0	0	0	0	0	0	0	0	1	0																armbutt							
ARMCOM2.GADGET2	1	0	ARMPREV	8	222	44	16	2	15	0	0	0	1	0																							
ARMCOM2.GADGET3	1	0	ARMNEXT	72	222	44	16	2	15	0	0	0	1	0																							
ARMCOM2.GADGET4	1	0	ARMLAB	0	27	64	64	32	15	0	0	0	1	4																							
ARMCOM2.GADGET5	1	0	ARMVP	64	27	64	64	32	15	0	0	0	1	4																							
ARMCOM2.GADGET6	1	0	ARMAP	0	91	64	64	32	15	0	0	0	1	4																							
ARMCOM2.GADGET7	1	0	ARMSY	64	91	64	64	32	15	0	0	0	1	4																							
ARMCOM2.GADGET8	1	0	ARMLLT	0	155	64	64	32	15	0	0	0	1	4																							
ARMCOM2.GADGET9	1	0	ARMRAD	64	155	64	64	32	15	0	0	0	1	4																							
ARMCOM2.GADGET27	1	0	ARMORDERS	3	4	59	19	16	15	0	0	0	1	0													111										
ARMCOM2.GADGET28	1	0	ARMBUILD	65	4	59	19	16	15	0	0	0	1	0													98										
ARMCOM2.GADGET12	1	1	ARMMOVE	5	247	55	31	64	15	0	0	0	1	0													109										
ARMCOM2.GADGET13	1	1	ARMSTOP	64	247	55	31	0	15	0	0	0	1	0													115										
ARMCOM2.GADGET14	1	1	ARMPATROL	64	282	55	31	64	15	0	0	0	1	0													112										
ARMCOM2.GADGET15	1	1	ARMATTACK	5	317	55	31	64	15	0	0	0	1	0													97										
ARMCOM2.GADGET16	1	1	ARMDEFEND	5	282	55	31	64	15	0	0	0	1	0													103										
ARMCOM2.GADGET17	1	1	ARMBLAST	64	317	55	31	64	15	0	0	0	1	0													100										
ARMCOM3.GADGET0	0	0	HEADER	0	128	128	352	0	0	0	0	0	1	0		17	1	0	0	ARMPAN																	
ARMCOM3.GADGET1	7	0	ARMFONT	0	0	0	0	0	0	0	0	0	1	0																armbutt							
ARMCOM3.GADGET2	1	0	ARMPREV	8	222	44	16	2	15	0	0	0	1	0																							
ARMCOM3.GADGET3	1	0	ARMNEXT	72	222	44	16	2	15	0	0	0	1	0																							
ARMCOM3.GADGET4	1	0	ARMSONAR	0	27	64	64	32	15	0	0	0	1	4																							
ARMCOM3.GADGET5	1	0	ARMTIDE	64	27	64	64	32	15	0	0	0	1	4																							
ARMCOM3.GADGET6	1	0	ARMUWES	0	91	64	64	32	15	0	0	0	1	4																							
ARMCOM3.GADGET7	1	0	ARMUWMS	64	91	64	64	32	15	0	0	0	1	4																							
ARMCOM3.GADGET8	1	0	ARMUWMEX	0	155	64	64	32	15	0	0	0	1	4																							
ARMCOM3.GADGET9	1	0	ARMFMKR	64	155	64	64	32	15	0	0	0	1	4																							
ARMCOM3.GADGET27	1	0	ARMORDERS	3	4	59	19	16	15	0	0	0	1	0													111										
ARMCOM3.GADGET28	1	0	ARMBUILD	65	4	59	19	16	15	0	0	0	1	0													98										
ARMCOM3.GADGET12	1	1	ARMMOVE	5	247	55	31	64	15	0	0	0	1	0													109										
ARMCOM3.GADGET13	1	1	ARMSTOP	64	247	55	31	0	15	0	0	0	1	0													115										
ARMCOM3.GADGET14	1	1	ARMPATROL	64	282	55	31	64	15	0	0	0	1	0													112										
ARMCOM3.GADGET15	1	1	ARMATTACK	5	317	55	31	64	15	0	0	0	1	0													97										
ARMCOM3.GADGET16	1	1	ARMDEFEND	5	282	55	31	64	15	0	0	0	1	0													103										
ARMCOM3.GADGET17	1	1	ARMBLAST	64	317	55	31	64	15	0	0	0	1	0													100										
armcom4.GADGET0	0	0	HEADER	0	128	128	352	0	0	0	0	0	1	0		17	1	0	0	ARMPAN																	
armcom4.GADGET1	7	0	ARMFONT	0	0	0	0	0	0	0	0	0	1	0																armbutt							
armcom4.GADGET2	1	0	ARMPREV	8	222	44	16	2	15	0	0	0	1	0																							
armcom4.GADGET3	1	0	ARMNEXT	72	222	44	16	2	15	0	0	0	1	0																							
armcom4.GADGET4	1	0	ARMTL	0	27	64	64	32	15	0	0	0	1	4																							
armcom4.GADGET5	1	0	IGPATCH	64	27	64	64	32	15	0	0	0	1	4																							
armcom4.GADGET6	1	0	IGPATCH	0	91	64	64	32	15	0	0	0	1	4																							
armcom4.GADGET7	1	0	IGPATCH	64	91	64	64	32	15	0	0	0	1	4																							
armcom4.GADGET8	1	0	IGPATCH	0	155	64	64	32	15	0	0	0	1	4																							
armcom4.GADGET9	1	0	IGPATCH	64	155	64	64	32	15	0	0	0	1	4																							
armcom4.GADGET27	1	0	ARMORDERS	3	4	59	19	16	15	0	0	0	1	0													111										
armcom4.GADGET28	1	0	ARMBUILD	65	4	59	19	16	15	0	0	0	1	0													98										
armcom4.GADGET12	1	1	ARMMOVE	5	247	55	31	64	15	0	0	0	1	0													109										
armcom4.GADGET13	1	1	ARMSTOP	64	247	55	31	0	15	0	0	0	1	0													115										
armcom4.GADGET14	1	1	ARMPATROL	64	282	55	31	64	15	0	0	0	1	0													112										
armcom4.GADGET15	1	1	ARMATTACK	5	317	55	31	64	15	0	0	0	1	0													97										
armcom4.GADGET16	1	1	ARMDEFEND	5	282	55	31	64	15	0	0	0	1	0													103										
armcom4.GADGET17	1	1	ARMBLAST	64	317	55	31	64	15	0	0	0	1	0													100										
armcsa1.GADGET0	0	0	HEADER	0	128	128	352	0	0	0	0	0	1	0		17	1	0	0	ARMPAN																	
armcsa1.GADGET1	7	0	ARMBUTT	0	0	0	0	0	0	0	0	0	1	0																armbutt							
armcsa1.GADGET2	1	0	ARMORDERS	3	4	59	19	16	15	0	0	0	1	0												0	111	0									
armcsa1.GADGET3	1	0	ARMBUILD	65	4	59	19	16	15	0	0	0	1	0												0	98	0									
armcsa1.GADGET4	1	1	ARMMOVE	5	247	55	31	64	15	0	0	0	1	0												0	77	0									
armcsa1.GADGET5	1	1	ARMSTOP	64	247	55	31	0	15	0	0	0	1	0												0	83	0									
armcsa1.GADGET6	1	1	ARMPATROL	64	282	55	31	64	15	0	0	0	1	0												0	80	0									
armcsa1.GADGET7	1	77	ARMMSTOR	64	91	64	64	32	15	0	0	0	1	4												0	0										
armcsa1.GADGET8	1	77	ARMMEX	0	155	64	64	32	15	0	0	0	1	4												0	0										
armcsa1.GADGET9	1	77	ARMMAKR	64	155	64	64	32	15	0	0	0	1	4												0	0										
armcsa1.GADGET26	1	1	ARMATTACK	5	317	55	31	64	15	0	0	0	1	0												0	65										
armcsa1.GADGET27	1	1	ARMDEFEND	5	282	55	31	64	15	0	0	0	1	0												0	103										
armcsa1.GADGET17	1	1	ARMBLAST	64	317	55	31	64	15	0	0	0	1	0													100										
armcsa2.GADGET0	0	0	HEADER	0	128	128	352	0	0	0	0	0	1	0		17	1	0	0	ARMPAN																	
armcsa2.GADGET1	7	0	ARMBUTT	0	0	0	0	0	0	0	0	0	1	0																armbutt							
armcsa2.GADGET2	1	0	ARMORDERS	3	4	59	19	16	15	0	0	0	1	0												0	111	0									
armcsa2.GADGET3	1	0	ARMBUILD	65	4	59	19	16	15	0	0	0	1	0												0	98	0									
armcsa2.GADGET4	1	1	ARMMOVE	5	247	55	31	64	15	0	0	0	1	0												0	77	0									
armcsa2.GADGET5	1	1	ARMSTOP	64	247	55	31	0	15	0	0	0	1	0												0	83	0									
armcsa2.GADGET6	1	1	ARMPATROL	64	282	55	31	64	15	0	0	0	1	0												0	80	0									
armcsa2.GADGET7	1	77	ARMSY	64	91	64	64	32	15	0	0	0	1	4												0	0										
armcsa2.GADGET8	1	77	ARMLLT	0	155	64	64	32	15	0	0	0	1	4												0	0										
armcsa2.GADGET9	1	77	ARMRAD	64	155	64	64	32	15	0	0	0	1	4												0	0										
armcsa2.GADGET26	1	1	ARMATTACK	5	317	55	31	64	15	0	0	0	1	0												0	65										
armcsa2.GADGET27	1	1	ARMDEFEND	5	282	55	31	64	15	0	0	0	1	0												0	103										
armcsa2.GADGET17	1	1	ARMBLAST	64	317	55	31	64	15	0	0	0	1	0													100										
armcsa3.GADGET0	0	0	HEADER	0	128	128	352	0	0	0	0	0	1	0		17	1	0	0	ARMPAN																	
armcsa3.GADGET1	7	0	ARMBUTT	0	0	0	0	0	0	0	0	0	1	0																armbutt							
armcsa3.GADGET2	1	0	ARMORDERS	3	4	59	19	16	15	0	0	0	1	0												0	111	0									
armcsa3.GADGET3	1	0	ARMBUILD	65	4	59	19	16	15	0	0	0	1	0												0	98	0									
armcsa3.GADGET4	1	1	ARMMOVE	5	247	55	31	64	15	0	0	0	1	0												0	77	0									
armcsa3.GADGET5	1	1	ARMSTOP	64	247	55	31	0	15	0	0	0	1	0												0	83	0									
armcsa3.GADGET6	1	1	ARMPATROL	64	282	55	31	64	15	0	0	0	1	0												0	80	0									
armcsa3.GADGET7	1	77	ARMRL	64	91	64	64	32	15	0	0	0	1	4												0	0										
armcsa3.GADGET8	1	77	ARMDRAG	0	155	64	64	32	15	0	0	0	1	4												0	0										
armcsa3.GADGET9	1	0	ARMGUARD	64	155	64	64	32	15	0	0	0	1	4												0	0	0									
armcsa3.GADGET26	1	1	ARMATTACK	5	317	55	31	64	15	0	0	0	1	0												0	65										
armcsa3.GADGET27	1	1	ARMDEFEND	5	282	55	31	64	15	0	0	0	1	0												0	103										
armcsa3.GADGET17	1	1	ARMBLAST	64	317	55	31	64	15	0	0	0	1	0													100										
armcsa4.GADGET0	0	0	HEADER	0	128	128	352	0	0	0	0	0	1	0		17	1	0	0	ARMPAN																	
armcsa4.GADGET1	7	0	ARMBUTT	0	0	0	0	0	0	0	0	0	1	0																armbutt							
armcsa4.GADGET2	1	1	ARMMOVE	5	247	55	31	64	15	0	0	0	1	0												0	77	0									
armcsa4.GADGET3	1	1	ARMSTOP	64	247	55	31	0	15	0	0	0	1	0												0	83	0									
armcsa4.GADGET4	1	1	ARMPATROL	64	282	55	31	64	15	0	0	0	1	0												0	80	0									
armcsa4.GADGET5	1	1	ARMATTACK	5	317	55	31	64	15	0	0	0	1	0												0	65										
armcsa4.GADGET6	1	1	ARMDEFEND	5	282	55	31	64	15	0	0	0	1	0												0	103										
armcsa4.GADGET7	1	0	ARMUWMS	64	91	64	64	32	15	0	0	0	1	4												0	0	0									
armcsa4.GADGET8	1	0	ARMUWMEX	0	155	64	64	32	15	0	0	0	1	4												0	0	0									
armcsa4.GADGET9	1	0	ARMFMKR	64	155	64	64	32	15	0	0	0	1	4												0	0	0									
armcsa4.GADGET27	1	0	ARMORDERS	3	4	59	19	16	15	0	0	0	1	0												0	111	0									
armcsa4.GADGET28	1	0	ARMBUILD	65	4	59	19	16	15	0	0	0	1	0												0	98	0									
armcsa4.GADGET17	1	1	ARMBLAST	64	317	55	31	64	15	0	0	0	1	0													100										
armcsa5.GADGET0	0	0	HEADER	0	128	128	352	0	0	0	0	0	1	0		17	1	0	0	ARMPAN																	
armcsa5.GADGET1	7	0	ARMBUTT	0	0	0	0	0	0	0	0	0	1	0																armbutt							
armcsa5.GADGET2	1	1	ARMMOVE	5	247	55	31	64	15	0	0	0	1	0												0	77	0									
armcsa5.GADGET3	1	1	ARMSTOP	64	247	55	31	0	15	0	0	0	1	0												0	83	0									
armcsa5.GADGET4	1	1	ARMPATROL	64	282	55	31	64	15	0	0	0	1	0												0	80	0									
armcsa5.GADGET5	1	1	ARMATTACK	5	317	55	31	64	15	0	0	0	1	0												0	65										
armcsa5.GADGET6	1	1	ARMDEFEND	5	282	55	31	64	15	0	0	0	1	0												0	103										
armcsa5.GADGET7	1	0	ARMTL	64	91	64	64	32	15	0	0	0	1	4												0	0	0									
armcsa5.GADGET8	1	0	ARMHP	0	155	64	64	32	15	0	0	0	1	4												0	0	0									
armcsa5.GADGET9	1	0	IGPATCH	64	155	64	64	32	0	0	0	0	1	0														1									
armcsa5.GADGET27	1	0	ARMORDERS	3	4	59	19	16	15	0	0	0	1	0												0	111	0									
armcsa5.GADGET28	1	0	ARMBUILD	65	4	59	19	16	15	0	0	0	1	0												0	98	0									
armcsa5.GADGET17	1	1	ARMBLAST	64	317	55	31	64	15	0	0	0	1	0													100										
ARMDL.GADGET0	0	0	HEADER	0	128	128	352	0	0	0	0	0	1	0		17	1	0	0	ARMPAN																	
ARMDL.GADGET1	7	0	ARMFONT	0	0	0	0	0	0	0	0	0	1	0																armbutt							
ARMDL.GADGET2	1	0	ARMORDERS	3	4	59	19	16	15	0	0	0	1	0													111										
ARMDL.GADGET3	1	0	ARMBUILD	65	4	59	19	16	15	0	0	0	1	0													98										
ARMDL.GADGET4	1	1	ARMMOVE	5	247	55	31	64	15	0	0	0	1	0													109										
ARMDL.GADGET5	1	1	ARMSTOP	64	247	55	31	0	15	0	0	0	1	0													115										
ARMDL.GADGET6	1	1	ARMPATROL	64	282	55	31	64	15	0	0	0	1	0													112										
ARMDL.GADGET7	1	0	IGPATCH	64	91	64	64	32	15	0	0	0	1	0														1									
ARMDL.GADGET8	1	0	IGPATCH	0	155	64	64	32	15	0	0	0	1	0														1									
ARMDL.GADGET9	1	0	IGPATCH	64	155	64	64	32	0	0	0	0	1	0														1									
ARMDL.GADGET26	1	1	ARMATTACK	5	317	55	31	64	15	0	0	0	1	0													97										
ARMDL.GADGET27	1	1	ARMDEFEND	5	282	55	31	64	15	0	0	0	1	0													103										
ARMDL.GADGET17	1	1	ARMBLAST	64	317	55	31	64	15	0	0	0	1	0													100										
ARMEMP1.GADGET0	0	0	HEADER	0	128	128	352	0	0	0	0	0	1	0		17	1	0	0	ARMPAN																	
ARMEMP1.GADGET1	7	0	ARMBUTT	0	0	0	0	0	0	0	0	0	1	0																armbutt							
ARMEMP1.GADGET2	1	1	ARMMOVE	5	247	55	31	64	15	0	0	0	1	0													109										
ARMEMP1.GADGET3	1	1	ARMSTOP	64	247	55	31	0	15	0	0	0	1	0													115										
ARMEMP1.GADGET4	1	1	ARMPATROL	64	282	55	31	64	15	0	0	0	1	0													112										
ARMEMP1.GADGET5	1	1	ARMATTACK	5	317	55	31	64	15	0	0	0	1	0													97										
ARMEMP1.GADGET6	1	1	ARMDEFEND	5	282	55	31	64	15	0	0	0	1	0													103										
ARMEMP1.GADGET7	1	0	IGPATCH	64	91	64	64	32	0	0	0	0	1	0														1									
ARMEMP1.GADGET8	1	0	IGPATCH	0	155	64	64	32	0	0	0	0	1	0														1									
ARMEMP1.GADGET9	1	0	IGPATCH	64	155	64	64	32	0	0	0	0	1	0														1									
ARMEMP1.GADGET27	1	0	ARMORDERS	3	4	59	19	16	15	0	0	0	1	0													111										
ARMEMP1.GADGET28	1	0	ARMBUILD	65	4	59	19	16	15	0	0	0	1	0													98										
ARMEMP1.GADGET17	1	1	ARMBLAST	64	317	55	31	64	15	0	0	0	1	0													100										
ARMLAB1.GADGET0	0	0	HEADER	0	128	128	352	0	0	0	0	0	1	0		17	1	0	0	ARMPAN																	
ARMLAB1.GADGET1	7	0	ARMFONT	0	0	0	0	0	0	0	0	0	1	0																armbutt							
ARMLAB1.GADGET2	1	0	ARMORDERS	3	4	59	19	16	15	0	0	0	1	0												0	111										
ARMLAB1.GADGET3	1	0	ARMBUILD	65	4	59	19	16	15	0	0	0	1	0												0	98	0									
ARMLAB1.GADGET4	1	1	ARMMOVE	5	247	55	31	64	15	0	0	0	1	0												0	77										
ARMLAB1.GADGET5	1	1	ARMSTOP	64	247	55	31	0	15	0	0	0	1	0												0	83										
ARMLAB1.GADGET6	1	1	ARMPATROL	64	282	55	31	64	15	0	0	0	1	0												0	80										
ARMLAB1.GADGET7	1	77	ARMHAM	64	91	64	64	32	15	0	0	0	1	4												0	0										
ARMLAB1.GADGET8	1	77	ARMJETH	0	155	64	64	32	15	0	0	0	1	4												0	0										
ARMLAB1.GADGET9	1	0	IGPATCH	64	155	64	64	32	0	0	0	0	1	0														1									
ARMLAB1.GADGET26	1	1	ARMATTACK	5	317	55	31	64	15	0	0	0	1	0												0	65										
ARMLAB1.GADGET27	1	1	ARMDEFEND	5	282	55	31	64	15	0	0	0	1	0												0	103										
ARMLAB1.GADGET17	1	1	ARMBLAST	64	317	55	31	64	15	0	0	0	1	0													100										
ARMSILO1.GADGET0	0	0	HEADER	0	128	128	352	0	0	0	0	0	1	0		17	1	0	0	ARMPAN																	
ARMSILO1.GADGET1	7	0	ARMBUTT	0	0	0	0	0	0	0	0	0	1	0																armbutt							
ARMSILO1.GADGET2	1	1	ARMMOVE	5	247	55	31	64	15	0	0	0	1	0													109										
ARMSILO1.GADGET3	1	1	ARMSTOP	64	247	55	31	0	15	0	0	0	1	0													115										
ARMSILO1.GADGET4	1	1	ARMPATROL	64	282	55	31	64	15	0	0	0	1	0													112										
ARMSILO1.GADGET5	1	1	ARMATTACK	5	317	55	31	64	15	0	0	0	1	0													97										
ARMSILO1.GADGET6	1	1	ARMDEFEND	5	282	55	31	64	15	0	0	0	1	0													103										
ARMSILO1.GADGET7	1	0	IGPATCH	64	91	64	64	32	0	0	0	0	1	0														1									
ARMSILO1.GADGET8	1	0	IGPATCH	0	155	64	64	32	0	0	0	0	1	0														1									
ARMSILO1.GADGET9	1	0	IGPATCH	64	155	64	64	32	0	0	0	0	1	0														1									
ARMSILO1.GADGET27	1	0	ARMORDERS	3	4	59	19	16	15	0	0	0	1	0													111										
ARMSILO1.GADGET28	1	0	ARMBUILD	65	4	59	19	16	15	0	0	0	1	0													98										
ARMSILO1.GADGET17	1	1	ARMBLAST	64	317	55	31	64	15	0	0	0	1	0													100										
ARMSY1.GADGET0	0	0	HEADER	0	128	128	352	0	0	0	0	0	1	0		17	1	0	0	ARMPAN																	
ARMSY1.GADGET1	7	0	ARMFONT	0	0	0	0	0	0	0	0	0	1	0																armbutt							
ARMSY1.GADGET2	1	0	ARMORDERS	3	4	59	19	16	15	0	0	0	1	0												0	111										
ARMSY1.GADGET3	1	0	ARMBUILD	65	4	59	19	16	15	0	0	0	1	0												0	98	0									
ARMSY1.GADGET4	1	1	ARMMOVE	5	247	55	31	64	15	0	0	0	1	0												0	77										
ARMSY1.GADGET5	1	1	ARMSTOP	64	247	55	31	0	15	0	0	0	1	0												0	83										
ARMSY1.GADGET6	1	1	ARMPATROL	64	282	55	31	64	15	0	0	0	1	0												0	80										
ARMSY1.GADGET7	1	77	ARMTSHIP	64	91	64	64	32	15	0	0	0	1	4												0	0										
ARMSY1.GADGET8	1	77	ARMSUB	0	155	64	64	32	15	0	0	0	1	4												0	0										
ARMSY1.GADGET9	1	0	IGPATCH	64	155	64	64	32	0	0	0	0	1	0														1									
ARMSY1.GADGET26	1	1	ARMATTACK	5	317	55	31	64	15	0	0	0	1	0												0	65										
ARMSY1.GADGET27	1	1	ARMDEFEND	5	282	55	31	64	15	0	0	0	1	0												0	103										
ARMSY1.GADGET17	1	1	ARMBLAST	64	317	55	31	64	15	0	0	0	1	0													100										
ARMVP1.GADGET0	0	0	HEADER	0	128	128	352	0	0	0	0	0	1	0		17	1	0	0	ARMPAN																	
ARMVP1.GADGET1	7	0	ARMFONT	0	0	0	0	0	0	0	0	0	1	0																armbutt							
ARMVP1.GADGET2	1	0	ARMORDERS	3	4	59	19	16	15	0	0	0	1	0												0	111										
ARMVP1.GADGET3	1	0	ARMBUILD	65	4	59	19	16	15	0	0	0	1	0												0	98	0									
ARMVP1.GADGET4	1	1	ARMMOVE	5	247	55	31	64	15	0	0	0	1	0												0	77										
ARMVP1.GADGET5	1	1	ARMSTOP	64	247	55	31	0	15	0	0	0	1	0												0	83										
ARMVP1.GADGET6	1	1	ARMPATROL	64	282	55	31	64	15	0	0	0	1	0												0	80										
ARMVP1.GADGET7	1	77	ARMSTUMP	64	91	64	64	32	15	0	0	0	1	4												0	0										
ARMVP1.GADGET8	1	77	ARMSAM	0	155	64	64	32	15	0	0	0	1	4												0	0										
ARMVP1.GADGET9	1	0	IGPATCH	64	155	64	64	32	0	0	0	0	1	0														1									
ARMVP1.GADGET26	1	1	ARMATTACK	5	317	55	31	64	15	0	0	0	1	0												0	65										
ARMVP1.GADGET27	1	1	ARMDEFEND	5	282	55	31	64	15	0	0	0	1	0												0	103										
ARMVP1.GADGET17	1	1	ARMBLAST	64	317	55	31	64	15	0	0	0	1	0													100										
CONTROL.GADGET0	0	205	control.GUI	437	-402	212	369	52685	52685	52685	0	-51	1	-51		21	-51	-51	-51		OK	OK	OK														
CONTROL.GADGET1	1	0	OK	70	317	96	31	2	0	0	0	0	1	0											OK	0	79	0	0								
CONTROL.GADGET2	1	0	PLAYER0	62	31	120	20	2	0	0	0	0	1	102											BUTTON NAME	0	66	0	0								
CONTROL.GADGET3	1	0	PLAYER1	62	54	120	20	2	0	0	0	0	1	102											BUTTON NAME	0	85	0	0								
CONTROL.GADGET4	1	0	PLAYER2	62	77	120	20	2	0	0	0	0	1	102											BUTTON NAME	0	84	0	0								
CONTROL.GADGET5	1	0	PLAYER3	62	100	120	20	2	0	0	0	0	1	102											BUTTON NAME	0	78	0	0								
CONTROL.GADGET6	1	0	PLAYER4	61	123	120	20	2	0	0	0	0	1	102											BUTTON NAME	0	32	0	0								
CONTROL.GADGET7	1	0	PLAYER5	61	147	120	20	2	0	0	0	0	1	102											BUTTON NAME	0	65	0	0								
CONTROL.GADGET8	1	0	PLAYER6	61	170	120	20	2	0	0	0	0	1	102											BUTTON NAME	0	77	0	0								
CONTROL.GADGET9	1	0	PLAYER7	61	193	120	20	2	0	0	0	0	1	102											BUTTON NAME	0	69	0	0								
CONTROL.GADGET10	1	0	PLAYER8	61	215	120	20	2	0	0	0	0	1	102											BUTTON NAME	0	0	0	0								
CONTROL.GADGET11	6	0	LOGO0	36	32	20	20	0	15	0	0	0	1	0										0													
CONTROL.GADGET12	6	0	LOGO1	36	55	20	20	0	15	0	0	0	1	0										0													
CONTROL.GADGET13	6	0	LOGO2	36	78	20	20	0	15	0	0	0	1	0										0													
CONTROL.GADGET14	6	0	LOGO3	36	101	20	19	0	15	0	0	0	1	0										0													
CONTROL.GADGET15	6	0	LOGO4	36	123	20	20	0	15	0	0	0	1	0										0													
CONTROL.GADGET16	6	0	LOGO5	36	146	20	20	0	15	0	0	0	1	0										0													
CONTROL.GADGET17	6	0	LOGO6	36	169	20	20	0	15	0	0	0	1	0										0													
CONTROL.GADGET18	6	0	LOGO7	36	192	20	20	0	15	0	0	0	1	0										0													
CONTROL.GADGET19	6	0	LOGO8	36	215	20	20	0	15	0	0	0	1	0										0													
CONTROL.GADGET20	5	0	REJECTTEXT	51	13	129	17	18	15	0	-127	0	1	102											Reject Player:												
CONTROL.GADGET21	1	0	WATCHING	59	255	120	20	16385	0	0	0	0	1	0											No Watching|Watching OK	0	87	0	2								
CORAAP1.GADGET0	0	0	HEADER	0	128	128	352	0	0	0	0	0	1	0		17	1	0	0	CORPAN																	
CORAAP1.GADGET1	7	0	CORBUTT	0	0	0	0	0	0	0	0	0	1	0																corbutt							
CORAAP1.GADGET2	1	0	CORORDERS	3	4	59	19	16	15	0	0	0	1	0												0	111										
CORAAP1.GADGET3	1	0	CORBUILD	65	4	59	19	16	15	0	0	0	1	0												0	98	0									
CORAAP1.GADGET4	1	1	CORMOVE	5	247	55	31	64	15	0	0	0	1	0												0	77										
CORAAP1.GADGET5	1	1	CORSTOP	64	247	55	31	0	15	0	0	0	1	0												0	83										
CORAAP1.GADGET6	1	1	CORPATROL	64	282	55	31	64	15	0	0	0	1	0												0	80										
CORAAP1.GADGET7	1	77	CORTITAN	64	91	64	64	32	15	0	0	0	1	4												0	0										
CORAAP1.GADGET8	1	77	CORVAMP	0	155	64	64	32	15	0	0	0	1	4												0	0										
CORAAP1.GADGET9	1	0	IGPATCH	64	155	64	64	32	0	0	0	0	1	0														1									
CORAAP1.GADGET26	1	1	CORATTACK	5	317	55	31	64	15	0	0	0	1	0												0	65										
CORAAP1.GADGET27	1	1	CORDEFEND	5	282	55	31	64	15	0	0	0	1	0												0	103										
CORAAP1.GADGET28	1	1	CORBLAST	64	317	55	31	64	15	0	0	0	1	0													100										
CORACA2.GADGET0	0	0	HEADER	0	128	128	352	0	0	0	0	0	1	0		17	1	0	0	CORPAN																	
CORACA2.GADGET1	7	0	CORBUTT	0	0	0	0	0	0	0	0	0	1	0																corbutt							
CORACA2.GADGET2	1	0	CORPREV	8	222	44	16	2	15	0	0	0	1	0												0	0	0									
CORACA2.GADGET3	1	0	CORNEXT	72	222	44	16	2	15	0	0	0	1	0												0	0	0									
CORACA2.GADGET4	1	77	CORSILO	0	27	64	64	32	15	0	0	0	1	4												0	0										
CORACA2.GADGET5	1	77	CORFMD	64	27	64	64	32	15	0	0	0	1	4												0	0										
CORACA2.GADGET6	1	0	CORASP	0	91	64	64	32	15	0	0	0	1	4												0	0	0									
CORACA2.GADGET7	1	0	IGPATCH	64	91	64	64	0	0	0	0	0	1	0														1									
CORACA2.GADGET8	1	0	IGPATCH	0	155	64	64	0	0	0	0	0	1	0														1									
CORACA2.GADGET9	1	0	IGPATCH	64	155	64	64	0	0	0	0	0	1	0														1									
CORACA2.GADGET10	1	0	CORORDERS	3	4	59	19	16	15	0	0	0	1	0												0	111	0									
CORACA2.GADGET11	1	0	CORBUILD	65	4	59	19	16	15	0	0	0	1	0												0	98	0									
CORACA2.GADGET12	1	1	CORMOVE	5	247	55	31	64	15	0	0	0	1	0												0	77	0									
CORACA2.GADGET13	1	1	CORSTOP	64	247	55	31	0	15	0	0	0	1	0												0	83	0									
CORACA2.GADGET14	1	1	CORPATROL	64	282	55	31	64	15	0	0	0	1	0												0	80	0									
CORACA2.GADGET15	1	1	CORATTACK	5	317	55	31	64	15	0	0	0	1	0												0	65										
CORACA2.GADGET16	1	1	CORDEFEND	5	282	55	31	64	15	0	0	0	1	0												0	103										
CORACA2.GADGET17	1	1	CORBLAST	64	317	55	31	64	15	0	0	0	1	0													100										
CORACK2.GADGET0	0	0	HEADER	0	128	128	352	0	0	0	0	0	1	0		17	1	0	0	CORPAN																	
CORACK2.GADGET1	7	0	CORBUTT	0	0	0	0	0	0	0	0	0	1	0																corbutt							
CORACK2.GADGET2	1	0	CORORDERS	3	4	59	19	16	15	0	0	0	1	0												0	111	0									
CORACK2.GADGET3	1	0	CORBUILD	65	4	59	19	16	15	0	0	0	1	0												0	98	0									
CORACK2.GADGET4	1	1	CORMOVE	5	247	55	31	64	15	0	0	0	1	0												0	77	0									
CORACK2.GADGET5	1	1	CORSTOP	64	247	55	31	0	15	0	0	0	1	0												0	83	0									
CORACK2.GADGET6	1	1	CORPATROL	64	282	55	31	64	15	0	0	0	1	0												0	80	0									
CORACK2.GADGET7	1	0	IGPATCH	64	91	64	64	32	0	0	0	0	1	0														1									
CORACK2.GADGET8	1	0	IGPATCH	0	155	64	64	32	0	0	0	0	1	0														1									
CORACK2.GADGET9	1	0	IGPATCH	64	155	64	64	32	0	0	0	0	1	0														1									
CORACK2.GADGET26	1	1	CORATTACK	5	317	55	31	64	15	0	0	0	1	0												0	65										
CORACK2.GADGET27	1	1	CORDEFEND	5	282	55	31	64	15	0	0	0	1	0												0	103										
CORACK2.GADGET28	1	1	CORBLAST	64	317	55	31	64	15	0	0	0	1	0													100										
CORACV2.GADGET0	0	0	HEADER	0	128	128	352	0	0	0	0	0	1	0		17	1	0	0	CORPAN																	
CORACV2.GADGET1	7	0	CORBUTT	0	0	0	0	0	0	0	0	0	1	0																corbutt							
CORACV2.GADGET2	1	0	CORORDERS	3	4	59	19	16	15	0	0	0	1	0												0	111	0									
CORACV2.GADGET3	1	0	CORBUILD	65	4	59	19	16	15	0	0	0	1	0												0	98	0									
CORACV2.GADGET4	1	1	CORMOVE	5	247	55	31	64	15	0	0	0	1	0												0	77	0									
CORACV2.GADGET5	1	1	CORSTOP	64	247	55	31	0	15	0	0	0	1	0												0	83	0									
CORACV2.GADGET6	1	1	CORPATROL	64	282	55	31	64	15	0	0	0	1	0												0	80	0									
CORACV2.GADGET7	1	0	IGPATCH	64	91	64	64	32	0	0	0	0	1	0														1									
CORACV2.GADGET8	1	0	IGPATCH	0	155	64	64	32	0	0	0	0	1	0														1									
CORACV2.GADGET9	1	0	IGPATCH	64	155	64	64	32	0	0	0	0	1	0														1									
CORACV2.GADGET26	1	1	CORATTACK	5	317	55	31	64	15	0	0	0	1	0												0	65										
CORACV2.GADGET27	1	1	CORDEFEND	5	282	55	31	64	15	0	0	0	1	0												0	103										
CORACV2.GADGET28	1	1	CORBLAST	64	317	55	31	64	15	0	0	0	1	0													100										
CORALAB1.GADGET0	0	0	HEADER	0	128	128	352	0	0	0	0	0	1	0		17	1	0	0	CORPAN																	
CORALAB1.GADGET1	7	0	CORBUTT	0	0	0	0	0	0	0	0	0	1	0																corbutt							
CORALAB1.GADGET2	1	0	CORORDERS	3	4	59	19	16	15	0	0	0	1	0												0	111										
CORALAB1.GADGET3	1	0	CORBUILD	65	4	59	19	16	15	0	0	0	1	0												0	98	0									
CORALAB1.GADGET4	1	1	CORMOVE	5	247	55	31	64	15	0	0	0	1	0												0	77										
CORALAB1.GADGET5	1	1	CORSTOP	64	247	55	31	0	15	0	0	0	1	0												0	83										
CORALAB1.GADGET6	1	1	CORPATROL	64	282	55	31	64	15	0	0	0	1	0												0	80										
CORALAB1.GADGET7	1	77	CORROACH	64	91	64	64	32	15	0	0	0	1	4												0	0										
CORALAB1.GADGET8	1	77	CORSPEC	0	155	64	64	32	15	0	0	0	1	4												0	0										
CORALAB1.GADGET9	1	0	IGPATCH	64	155	64	64	32	0	0	0	0	1	0														1									
CORALAB1.GADGET26	1	1	CORATTACK	5	317	55	31	64	15	0	0	0	1	0												0	65										
CORALAB1.GADGET27	1	1	CORDEFEND	5	282	55	31	64	15	0	0	0	1	0												0	103										
CORALAB1.GADGET28	1	1	CORBLAST	64	317	55	31	64	15	0	0	0	1	0													100										
CORAP1.GADGET0	0	0	HEADER	0	128	128	352	0	0	0	0	0	1	0		17	1	0	0	CORPAN																	
CORAP1.GADGET1	7	0	CORBUTT	0	0	0	0	0	0	0	0	0	1	0																corbutt							
CORAP1.GADGET2	1	0	CORORDERS	3	4	59	19	16	15	0	0	0	1	0												0	111										
CORAP1.GADGET3	1	0	CORBUILD	65	4	59	19	16	15	0	0	0	1	0												0	98	0									
CORAP1.GADGET4	1	1	CORMOVE	5	247	55	31	64	15	0	0	0	1	0												0	77										
CORAP1.GADGET5	1	1	CORSTOP	64	247	55	31	0	15	0	0	0	1	0												0	83										
CORAP1.GADGET6	1	1	CORPATROL	64	282	55	31	64	15	0	0	0	1	0												0	80										
CORAP1.GADGET7	1	0	CORSHAD	64	91	64	64	32	15	0	0	0	1	4												0	0										
CORAP1.GADGET8	1	0	CORVALK	0	155	64	64	32	15	0	0	0	1	4												0	0										
CORAP1.GADGET9	1	0	IGPATCH	64	155	64	64	32	0	0	0	0	1	0														1									
CORAP1.GADGET26	1	1	CORATTACK	5	317	55	31	64	15	0	0	0	1	0												0	65										
CORAP1.GADGET27	1	1	CORDEFEND	5	282	55	31	64	15	0	0	0	1	0												0	103										
CORAP1.GADGET28	1	1	CORBLAST	64	317	55	31	64	15	0	0	0	1	0													100										
CORASY1.GADGET0	0	0	HEADER	0	128	128	352	0	0	0	0	0	1	0		17	1	0	0	CORPAN																	
CORASY1.GADGET1	7	0	CORBUTT	0	0	0	0	0	0	0	0	0	1	0																corbutt							
CORASY1.GADGET2	1	0	CORORDERS	3	4	59	19	16	15	0	0	0	1	0												0	111										
CORASY1.GADGET3	1	0	CORBUILD	65	4	59	19	16	15	0	0	0	1	0												0	98	0									
CORASY1.GADGET4	1	1	CORMOVE	5	247	55	31	64	15	0	0	0	1	0												0	77										
CORASY1.GADGET5	1	1	CORSTOP	64	247	55	31	0	15	0	0	0	1	0												0	83										
CORASY1.GADGET6	1	1	CORPATROL	64	282	55	31	64	15	0	0	0	1	0												0	80										
CORASY1.GADGET7	1	77	CORMSHIP	64	91	64	64	32	15	0	0	0	1	4												0	0										
CORASY1.GADGET8	1	77	CORCRUS	0	155	64	64	32	15	0	0	0	1	4												0	0										
CORASY1.GADGET9	1	77	CORBATS	64	155	64	64	32	15	0	0	0	1	4												0	0	0									
CORASY1.GADGET26	1	1	CORATTACK	5	317	55	31	64	15	0	0	0	1	0												0	65										
CORASY1.GADGET27	1	1	CORDEFEND	5	282	55	31	64	15	0	0	0	1	0												0	103										
CORASY1.GADGET28	1	1	CORBLAST	64	317	55	31	64	15	0	0	0	1	0													100										
CORAVP2.GADGET0	0	0	HEADER	0	128	128	352	0	0	0	0	0	1	0		17	1	0	0	CORPAN																	
CORAVP2.GADGET1	7	0	CORBUTT	0	0	0	0	0	0	0	0	0	1	0																corbutt							
CORAVP2.GADGET2	1	0	CORORDERS	3	4	59	19	16	15	0	0	0	1	0												0	111										
CORAVP2.GADGET3	1	0	CORBUILD	65	4	59	19	16	15	0	0	0	1	0												0	98	0									
CORAVP2.GADGET4	1	1	CORMOVE	5	247	55	31	64	15	0	0	0	1	0												0	77										
CORAVP2.GADGET5	1	1	CORSTOP	64	247	55	31	0	15	0	0	0	1	0												0	83										
CORAVP2.GADGET6	1	1	CORPATROL	64	282	55	31	64	15	0	0	0	1	0												0	80										
CORAVP2.GADGET7	1	0	IGPATCH	64	91	64	64	32	0	0	0	0	1	0														1									
CORAVP2.GADGET8	1	0	IGPATCH	0	155	64	64	32	0	0	0	0	1	0														1									
CORAVP2.GADGET9	1	0	IGPATCH	64	155	64	64	32	0	0	0	0	1	0														1									
CORAVP2.GADGET26	1	1	CORATTACK	5	317	55	31	64	15	0	0	0	1	0												0	65										
CORAVP2.GADGET27	1	1	CORDEFEND	5	282	55	31	64	15	0	0	0	1	0												0	103										
CORAVP2.GADGET28	1	1	CORBLAST	64	317	55	31	64	15	0	0	0	1	0													100										
CORCOM1.GADGET0	0	0	HEADER	0	128	128	352	0	0	0	0	0	1	0		17	1	0	0	CORPAN																	
CORCOM1.GADGET1	7	0	CORBUTT	0	0	0	0	0	0	0	0	0	1	0																corbutt							
CORCOM1.GADGET2	1	0	CORORDERS	3	4	59	19	16	15	0	0	0	1	0													111										
CORCOM1.GADGET3	1	0	CORBUILD	65	4	59	19	16	15	0	0	0	1	0													98										
CORCOM1.GADGET4	1	1	CORMOVE	5	247	55	31	64	15	0	0	0	1	0													109										
CORCOM1.GADGET5	1	1	CORSTOP	64	247	55	31	0	15	0	0	0	1	0													115										
CORCOM1.GADGET6	1	1	CORPATROL	64	282	55	31	64	15	0	0	0	1	0													112										
CORCOM1.GADGET7	1	0	CORMSTOR	64	91	64	64	32	15	0	0	0	1	4																							
CORCOM1.GADGET8	1	0	CORMEX	0	155	64	64	32	15	0	0	0	1	4																							
CORCOM1.GADGET9	1	0	CORMAKR	64	155	64	64	32	15	0	0	0	1	4																							
CORCOM1.GADGET26	1	1	CORATTACK	5	317	55	31	64	15	0	0	0	1	0													97										
CORCOM1.GADGET27	1	1	CORDEFEND	5	282	55	31	64	15	0	0	0	1	0													103										
CORCOM1.GADGET28	1	1	CORBLAST	64	317	55	31	64	15	0	0	0	1	0													100										
CORCOM2.GADGET0	0	0	HEADER	0	128	128	352	0	0	0	0	0	1	0		17	1	0	0	CORPAN																	
CORCOM2.GADGET1	7	0	CORBUTT	0	0	0	0	0	0	0	0	0	1	0																CORBUTT							
CORCOM2.GADGET2	1	0	CORORDERS	3	4	59	19	16	15	0	0	0	1	0													111										
CORCOM2.GADGET3	1	0	CORBUILD	65	4	59	19	16	15	0	0	0	1	0													98										
CORCOM2.GADGET4	1	1	CORMOVE	5	247	55	31	64	15	0	0	0	1	0													109										
CORCOM2.GADGET5	1	1	CORSTOP	64	247	55	31	0	15	0	0	0	1	0													115										
CORCOM2.GADGET6	1	1	CORPATROL	64	282	55	31	64	15	0	0	0	1	0													112										
CORCOM2.GADGET7	1	0	CORSY	64	91	64	64	32	15	0	0	0	1	4																							
CORCOM2.GADGET8	1	0	CORLLT	0	155	64	64	32	15	0	0	0	1	4																							
CORCOM2.GADGET9	1	0	CORRAD	64	155	64	64	32	15	0	0	0	1	4																							
CORCOM2.GADGET26	1	1	CORATTACK	5	317	55	31	64	15	0	0	0	1	0													97										
CORCOM2.GADGET27	1	1	CORDEFEND	5	282	55	31	64	15	0	0	0	1	0													103										
CORCOM2.GADGET28	1	1	CORBLAST	64	317	55	31	64	15	0	0	0	1	0													100										
CORCOM3.GADGET0	0	0	HEADER	0	128	128	352	0	0	0	0	0	1	0		17	1	0	0	CORPAN																	
CORCOM3.GADGET1	7	0	CORBUTT	0	0	0	0	0	0	0	0	0	1	0																CORBUTT							
CORCOM3.GADGET2	1	0	CORORDERS	3	4	59	19	16	15	0	0	0	1	0													111										
CORCOM3.GADGET3	1	0	CORBUILD	65	4	59	19	16	15	0	0	0	1	0													98										
CORCOM3.GADGET4	1	1	CORMOVE	5	247	55	31	64	15	0	0	0	1	0													109										
CORCOM3.GADGET5	1	1	CORSTOP	64	247	55	31	0	15	0	0	0	1	0													115										
CORCOM3.GADGET6	1	1	CORPATROL	64	282	55	31	64	15	0	0	0	1	0													112										
CORCOM3.GADGET7	1	0	CORUWMS	64	91	64	64	32	15	0	0	0	1	4																							
CORCOM3.GADGET8	1	0	CORUWMEX	0	155	64	64	32	15	0	0	0	1	4																							
CORCOM3.GADGET9	1	0	CORFMKR	64	155	64	64	32	15	0	0	0	1	4																							
CORCOM3.GADGET26	1	1	CORATTACK	5	317	55	31	64	15	0	0	0	1	0													97										
CORCOM3.GADGET27	1	1	CORDEFEND	5	282	55	31	64	15	0	0	0	1	0													103										
CORCOM3.GADGET28	1	1	CORBLAST	64	317	55	31	64	15	0	0	0	1	0													100										
corcom4.GADGET0	0	0	HEADER	0	128	128	352	0	0	0	0	0	1	0		17	1	0	0	CORPAN																	
corcom4.GADGET1	7	0	CORBUTT	0	0	0	0	0	0	0	0	0	1	0																CORBUTT							
corcom4.GADGET2	1	0	CORORDERS	3	4	59	19	16	15	0	0	0	1	0													111										
corcom4.GADGET3	1	0	CORBUILD	65	4	59	19	16	15	0	0	0	1	0													98										
corcom4.GADGET4	1	1	CORMOVE	5	247	55	31	64	15	0	0	0	1	0													109										
corcom4.GADGET5	1	1	CORSTOP	64	247	55	31	0	15	0	0	0	1	0													115										
corcom4.GADGET6	1	1	CORPATROL	64	282	55	31	64	15	0	0	0	1	0													112										
corcom4.GADGET7	1	0	IGPATCH	64	91	64	64	32	15	0	0	0	1	4																							
corcom4.GADGET8	1	0	IGPATCH	0	155	64	64	32	15	0	0	0	1	4																							
corcom4.GADGET9	1	0	IGPATCH	64	155	64	64	32	15	0	0	0	1	4																							
corcom4.GADGET26	1	1	CORATTACK	5	317	55	31	64	15	0	0	0	1	0													97										
corcom4.GADGET27	1	1	CORDEFEND	5	282	55	31	64	15	0	0	0	1	0													103										
corcom4.GADGET28	1	1	CORBLAST	64	317	55	31	64	15	0	0	0	1	0													100										
CORCS1.GADGET0	0	0	HEADER	0	128	128	352	0	0	0	0	0	1	0		17	1	0	0	CORPAN																	
CORCS1.GADGET1	7	0	CORBUTT	0	0	0	0	0	0	0	0	0	1	0																corbutt							
CORCS1.GADGET2	1	0	CORORDERS	3	4	59	19	16	15	0	0	0	1	0												0	111	0									
CORCS1.GADGET3	1	0	CORBUILD	65	4	59	19	16	15	0	0	0	1	0												0	98	0									
CORCS1.GADGET4	1	1	CORMOVE	5	247	55	31	64	15	0	0	0	1	0												0	77	0									
CORCS1.GADGET5	1	1	CORSTOP	64	247	55	31	0	15	0	0	0	1	0												0	83	0									
CORCS1.GADGET6	1	1	CORPATROL	64	282	55	31	64	15	0	0	0	1	0												0	80	0									
CORCS1.GADGET7	1	0	CORSONAR	64	91	64	64	32	15	0	0	0	1	4												0	0										
CORCS1.GADGET8	1	0	CORTL	0	155	64	64	32	15	0	0	0	1	4												0	0	0									
CORCS1.GADGET9	1	0	CORLLT	64	155	64	64	32	15	0	0	0	1	4												0	0	0									
CORCS1.GADGET26	1	1	CORATTACK	5	317	55	31	64	15	0	0	0	1	0												0	65										
CORCS1.GADGET27	1	1	CORDEFEND	5	282	55	31	64	15	0	0	0	1	0												0	103										
CORCS1.GADGET28	1	1	CORBLAST	64	317	55	31	64	15	0	0	0	1	0													100										
corcsa1.GADGET0	0	0	HEADER	0	128	128	352	0	0	0	0	0	1	0		17	1	0	0	CORPAN																	
corcsa1.GADGET1	7	0	CORBUTT	0	0	0	0	0	0	0	0	0	1	0																corbutt							
corcsa1.GADGET2	1	0	CORORDERS	3	4	59	19	16	15	0	0	0	1	0												0	111	0									
corcsa1.GADGET3	1	0	CORBUILD	65	4	59	19	16	15	0	0	0	1	0												0	98	0									
corcsa1.GADGET4	1	1	CORMOVE	5	247	55	31	64	15	0	0	0	1	0												0	77	0									
corcsa1.GADGET5	1	1	CORSTOP	64	247	55	31	0	15	0	0	0	1	0												0	83	0									
corcsa1.GADGET6	1	1	CORPATROL	64	282	55	31	64	15	0	0	0	1	0												0	80	0									
corcsa1.GADGET7	1	77	CORMSTOR	64	91	64	64	32	15	0	0	0	1	4												0	0										
corcsa1.GADGET8	1	77	CORMAKR	64	155	64	64	32	15	0	0	0	1	4												0	0										
corcsa1.GADGET26	1	1	CORATTACK	5	317	55	31	64	15	0	0	0	1	0												0	65										
corcsa1.GADGET27	1	1	CORDEFEND	5	282	55	31	64	15	0	0	0	1	0												0	103										
corcsa1.GADGET28	1	1	CORBLAST	64	317	55	31	64	15	0	0	0	1	0													100										
corcsa2.GADGET0	0	0	HEADER	0	128	128	352	0	0	0	0	0	1	0		17	1	0	0	CORPAN																	
corcsa2.GADGET1	7	0	CORBUTT	0	0	0	0	0	0	0	0	0	1	0																corbutt							
corcsa2.GADGET2	1	0	CORORDERS	3	4	59	19	16	15	0	0	0	1	0												0	111										
corcsa2.GADGET3	1	0	CORBUILD	65	4	59	19	16	15	0	0	0	1	0												0	98										
corcsa2.GADGET4	1	1	CORMOVE	5	247	55	31	64	15	0	0	0	1	0												0	77										
corcsa2.GADGET5	1	1	CORSTOP	64	247	55	31	0	15	0	0	0	1	0												0	83										
corcsa2.GADGET6	1	1	CORPATROL	64	282	55	31	64	15	0	0	0	1	0												0	80										
corcsa2.GADGET7	1	77	CORSY	64	91	64	64	32	15	0	0	0	1	4												0	0										
corcsa2.GADGET8	1	77	CORRAD	64	155	64	64	32	15	0	0	0	1	4												0	0										
corcsa2.GADGET26	1	1	CORATTACK	5	317	55	31	64	15	0	0	0	1	0												0	65										
corcsa2.GADGET27	1	1	CORDEFEND	5	282	55	31	64	15	0	0	0	1	0												0	103										
corcsa2.GADGET28	1	1	CORBLAST	64	317	55	31	64	15	0	0	0	1	0													100										
corcsa3.GADGET0	0	0	HEADER	0	128	128	352	0	0	0	0	0	1	0		17	1	0	0	CORPAN																	
corcsa3.GADGET1	7	0	CORBUTT	0	0	0	0	0	0	0	0	0	1	0																corbutt							
corcsa3.GADGET2	1	0	CORORDERS	3	4	59	19	16	15	0	0	0	1	0												0	111										
corcsa3.GADGET3	1	0	CORBUILD	65	4	59	19	16	15	0	0	0	1	0												0	98										
corcsa3.GADGET4	1	1	CORMOVE	5	247	55	31	64	15	0	0	0	1	0												0	77										
corcsa3.GADGET5	1	1	CORSTOP	64	247	55	31	0	15	0	0	0	1	0												0	83										
corcsa3.GADGET6	1	1	CORPATROL	64	282	55	31	64	15	0	0	0	1	0												0	80										
corcsa3.GADGET7	1	77	CORRL	64	91	64	64	32	15	0	0	0	1	4												0	0										
corcsa3.GADGET8	1	77	CORDRAG	0	155	64	64	32	15	0	0	0	1	4												0	0										
corcsa3.GADGET9	1	77	CORPUN	64	155	64	64	32	15	0	0	0	1	4												0	0										
corcsa3.GADGET26	1	1	CORATTACK	5	317	55	31	64	15	0	0	0	1	0												0	65										
corcsa3.GADGET27	1	1	CORDEFEND	5	282	55	31	64	15	0	0	0	1	0												0	103										
corcsa3.GADGET28	1	1	CORBLAST	64	317	55	31	64	15	0	0	0	1	0													100										
corcsa4.GADGET0	0	0	HEADER	0	128	128	352	0	0	0	0	0	1	0		17	1	0	0	CORPAN																	
corcsa4.GADGET1	7	0	CORBUTT	0	0	0	0	0	0	0	0	0	1	0																corbutt							
corcsa4.GADGET2	1	0	CORORDERS	3	4	59	19	16	15	0	0	0	1	0												0	111										
corcsa4.GADGET3	1	0	CORBUILD	65	4	59	19	16	15	0	0	0	1	0												0	98										
corcsa4.GADGET4	1	1	CORMOVE	5	247	55	31	64	15	0	0	0	1	0												0	77										
corcsa4.GADGET5	1	1	CORSTOP	64	247	55	31	0	15	0	0	0	1	0												0	83										
corcsa4.GADGET6	1	1	CORPATROL	64	282	55	31	64	15	0	0	0	1	0												0	80										
corcsa4.GADGET7	1	77	CORUWMS	64	91	64	64	32	15	0	0	0	1	4												0	0										
corcsa4.GADGET8	1	77	CORUWMEX	0	155	64	64	32	15	0	0	0	1	4												0	0										
corcsa4.GADGET9	1	77	CORFMKR	64	155	64	64	32	15	0	0	0	1	4												0	0										
corcsa4.GADGET26	1	1	CORATTACK	5	317	55	31	64	15	0	0	0	1	0												0	65										
corcsa4.GADGET27	1	1	CORDEFEND	5	282	55	31	64	15	0	0	0	1	0												0	103										
corcsa4.GADGET28	1	1	CORBLAST	64	317	55	31	64	15	0	0	0	1	0													100										
corcsa5.GADGET0	0	0	HEADER	0	128	128	352	0	0	0	0	0	1	0		17	1	0	0	CORPAN																	
corcsa5.GADGET1	7	0	CORBUTT	0	0	0	0	0	0	0	0	0	1	0																corbutt							
corcsa5.GADGET2	1	0	CORORDERS	3	4	59	19	16	15	0	0	0	1	0												0	111										
corcsa5.GADGET3	1	0	CORBUILD	65	4	59	19	16	15	0	0	0	1	0												0	98										
corcsa5.GADGET4	1	1	CORMOVE	5	247	55	31	64	15	0	0	0	1	0												0	77										
corcsa5.GADGET5	1	1	CORSTOP	64	247	55	31	0	15	0	0	0	1	0												0	83										
corcsa5.GADGET6	1	1	CORPATROL	64	282	55	31	64	15	0	0	0	1	0												0	80										
corcsa5.GADGET7	1	77	CORTL	64	91	64	64	32	15	0	0	0	1	4												0	0										
corcsa5.GADGET8	1	77	CORHP	0	155	64	64	32	15	0	0	0	1	4												0	0										
corcsa5.GADGET9	1	77	CORVIPE	64	155	64	64	32	15	0	0	0	1	4												0	0										
corcsa5.GADGET26	1	1	CORATTACK	5	317	55	31	64	15	0	0	0	1	0												0	65										
corcsa5.GADGET27	1	1	CORDEFEND	5	282	55	31	64	15	0	0	0	1	0												0	103										
corcsa5.GADGET28	1	1	CORBLAST	64	317	55	31	64	15	0	0	0	1	0													100										
CORDL.GADGET0	0	0	HEADER	0	128	128	352	0	0	0	0	0	1	0		17	1	0	0	CORPAN																	
CORDL.GADGET1	7	0	CORFONT	0	0	0	0	0	0	0	0	0	1	0																corbutt							
CORDL.GADGET2	1	0	CORORDERS	3	4	59	19	16	15	0	0	0	1	0													111										
CORDL.GADGET3	1	0	CORBUILD	65	4	59	19	16	15	0	0	0	1	0													98										
CORDL.GADGET4	1	1	CORMOVE	5	247	55	31	64	15	0	0	0	1	0													109										
CORDL.GADGET5	1	1	CORSTOP	64	247	55	31	0	15	0	0	0	1	0													115										
CORDL.GADGET6	1	1	CORPATROL	64	282	55	31	64	15	0	0	0	1	0													112										
CORDL.GADGET7	1	0	IGPATCH	64	91	64	64	32	15	0	0	0	1	4														1									
CORDL.GADGET8	1	0	IGPATCH	0	155	64	64	32	15	0	0	0	1	4														1									
CORDL.GADGET9	1	0	IGPATCH	64	155	64	64	32	0	0	0	0	1	4														1									
CORDL.GADGET26	1	1	CORATTACK	5	317	55	31	64	15	0	0	0	1	0													97										
CORDL.GADGET27	1	1	CORDEFEND	5	282	55	31	64	15	0	0	0	1	0													103										
CORDL.GADGET17	1	1	CORBLAST	64	317	55	31	64	15	0	0	0	1	0													100										
CORFMD1.GADGET0	0	0	HEADER	0	128	128	352	0	0	0	0	0	1	0		17	1	0	0	CORPAN																	
CORFMD1.GADGET1	7	0	CORBUTT	0	0	0	0	0	0	0	0	0	1	0																corbutt							
CORFMD1.GADGET2	1	1	CORMOVE	5	247	55	31	64	15	0	0	0	1	0													109										
CORFMD1.GADGET3	1	1	CORSTOP	64	247	55	31	0	15	0	0	0	1	0													115										
CORFMD1.GADGET4	1	1	CORPATROL	64	282	55	31	64	15	0	0	0	1	0													112										
CORFMD1.GADGET5	1	1	CORATTACK	5	317	55	31	64	15	0	0	0	1	0													97										
CORFMD1.GADGET6	1	1	CORDEFEND	5	282	55	31	64	15	0	0	0	1	0													103										
CORFMD1.GADGET7	1	0	IGPATCH	64	91	64	64	32	0	0	0	0	1	0														1									
CORFMD1.GADGET8	1	0	IGPATCH	0	155	64	64	32	0	0	0	0	1	0														1									
CORFMD1.GADGET9	1	0	IGPATCH	64	155	64	64	32	0	0	0	0	1	0														1									
CORFMD1.GADGET27	1	0	CORORDERS	3	4	59	19	16	15	0	0	0	1	0													111										
CORFMD1.GADGET28	1	1	CORBLAST	64	317	55	31	64	15	0	0	0	1	0													100										
CORLAB1.GADGET0	0	0	HEADER	0	128	128	352	0	0	0	0	0	1	0		17	1	0	0	CORPAN																	
CORLAB1.GADGET1	7	0	CORBUTT	0	0	0	0	0	0	0	0	0	1	0																corbutt							
CORLAB1.GADGET2	1	0	CORORDERS	3	4	59	19	16	15	0	0	0	1	0												0	111										
CORLAB1.GADGET3	1	0	CORBUILD	65	4	59	19	16	15	0	0	0	1	0												0	98										
CORLAB1.GADGET4	1	1	CORMOVE	5	247	55	31	64	15	0	0	0	1	0												0	77										
CORLAB1.GADGET5	1	1	CORSTOP	64	247	55	31	0	15	0	0	0	1	0												0	83										
CORLAB1.GADGET6	1	1	CORPATROL	64	282	55	31	64	15	0	0	0	1	0												0	80										
CORLAB1.GADGET7	1	77	CORTHUD	64	91	64	64	32	15	0	0	0	1	4												0	0										
CORLAB1.GADGET8	1	77	CORCRASH	0	155	64	64	32	15	0	0	0	1	4												0	0										
CORLAB1.GADGET9	1	0	IGPATCH	64	155	64	64	32	0	0	0	0	1	0														1									
CORLAB1.GADGET26	1	1	CORATTACK	5	317	55	31	64	15	0	0	0	1	0												0	65										
CORLAB1.GADGET27	1	1	CORDEFEND	5	282	55	31	64	15	0	0	0	1	0												0	68										
CORLAB1.GADGET28	1	1	CORBLAST	64	317	55	31	64	15	0	0	0	1	0													100										
CORSILO1.GADGET0	0	0	HEADER	0	128	128	352	0	0	0	0	0	1	0		17	1	0	0	CORPAN																	
CORSILO1.GADGET1	7	0	CORBUTT	0	0	0	0	0	0	0	0	0	1	0																corbutt							
CORSILO1.GADGET2	1	1	CORMOVE	5	247	55	31	64	15	0	0	0	1	0													109										
CORSILO1.GADGET3	1	1	CORSTOP	64	247	55	31	0	15	0	0	0	1	0													115										
CORSILO1.GADGET4	1	1	CORPATROL	64	282	55	31	64	15	0	0	0	1	0													112										
CORSILO1.GADGET5	1	1	CORATTACK	5	317	55	31	64	15	0	0	0	1	0													97										
CORSILO1.GADGET6	1	1	CORDEFEND	5	282	55	31	64	15	0	0	0	1	0													103										
CORSILO1.GADGET7	1	0	IGPATCH	64	91	64	64	32	0	0	0	0	1	0														1									
CORSILO1.GADGET8	1	0	IGPATCH	0	155	64	64	32	0	0	0	0	1	0														1									
CORSILO1.GADGET9	1	0	IGPATCH	64	155	64	64	32	0	0	0	0	1	0														1									
CORSILO1.GADGET27	1	0	CORORDERS	3	4	59	19	16	15	0	0	0	1	0													111										
CORSILO1.GADGET28	1	1	CORBLAST	64	317	55	31	64	15	0	0	0	1	0													100										
CORSY1.GADGET0	0	0	HEADER	0	128	128	352	0	0	0	0	0	1	0		17	1	0	0	CORPAN																	
CORSY1.GADGET1	7	0	CORBUTT	0	0	0	0	0	0	0	0	0	1	0																corbutt							
CORSY1.GADGET2	1	0	CORORDERS	3	4	59	19	16	15	0	0	0	1	0												0	111										
CORSY1.GADGET3	1	0	CORBUILD	65	4	59	19	16	15	0	0	0	1	0												0	98										
CORSY1.GADGET4	1	1	CORMOVE	5	247	55	31	64	15	0	0	0	1	0												0	77										
CORSY1.GADGET5	1	1	CORSTOP	64	247	55	31	0	15	0	0	0	1	0												0	83										
CORSY1.GADGET6	1	1	CORPATROL	64	282	55	31	64	15	0	0	0	1	0												0	80										
CORSY1.GADGET7	1	77	CORTSHIP	64	91	64	64	32	15	0	0	0	1	4												0	0										
CORSY1.GADGET8	1	77	CORSUB	0	155	64	64	32	15	0	0	0	1	4												0	0										
CORSY1.GADGET9	1	0	IGPATCH	64	155	64	64	32	0	0	0	0	1	0														1									
CORSY1.GADGET26	1	1	CORATTACK	5	317	55	31	64	15	0	0	0	1	0												0	65										
CORSY1.GADGET27	1	1	CORDEFEND	5	282	55	31	64	15	0	0	0	1	0												0	103										
CORSY1.GADGET28	1	1	CORBLAST	64	317	55	31	64	15	0	0	0	1	0													100										
CORTRON1.GADGET0	0	0	HEADER	0	128	128	352	0	0	0	0	0	1	0		17	1	0	0	CORPAN																	
CORTRON1.GADGET1	7	0	CORBUTT	0	0	0	0	0	0	0	0	0	1	0																corbutt							
CORTRON1.GADGET2	1	1	CORMOVE	5	247	55	31	64	15	0	0	0	1	0													109										
CORTRON1.GADGET3	1	1	CORSTOP	64	247	55	31	0	15	0	0	0	1	0													115										
CORTRON1.GADGET4	1	1	CORPATROL	64	282	55	31	64	15	0	0	0	1	0													112										
CORTRON1.GADGET5	1	1	CORATTACK	5	317	55	31	64	15	0	0	0	1	0													97										
CORTRON1.GADGET6	1	1	CORDEFEND	5	282	55	31	64	15	0	0	0	1	0													103										
CORTRON1.GADGET7	1	0	IGPATCH	64	91	64	64	32	0	0	0	0	1	0														1									
CORTRON1.GADGET8	1	0	IGPATCH	0	155	64	64	32	0	0	0	0	1	0														1									
CORTRON1.GADGET9	1	0	IGPATCH	64	155	64	64	32	0	0	0	0	1	0														1									
CORTRON1.GADGET27	1	0	CORORDERS	3	4	59	19	16	15	0	0	0	1	0													111										
CORTRON1.GADGET28	1	1	CORBLAST	64	317	55	31	64	15	0	0	0	1	0													100										
CORVP1.GADGET0	0	0	HEADER	0	128	128	352	0	0	0	0	0	1	0		17	1	0	0	CORPAN																	
CORVP1.GADGET1	7	0	CORBUTT	0	0	0	0	0	0	0	0	0	1	0																corbutt							
CORVP1.GADGET2	1	0	CORORDERS	3	4	59	19	16	15	0	0	0	1	0												0	111										
CORVP1.GADGET3	1	0	CORBUILD	65	4	59	19	16	15	0	0	0	1	0												0	98	0									
CORVP1.GADGET4	1	1	CORMOVE	5	247	55	31	64	15	0	0	0	1	0												0	77										
CORVP1.GADGET5	1	1	CORSTOP	64	247	55	31	0	15	0	0	0	1	0												0	83										
CORVP1.GADGET6	1	1	CORPATROL	64	282	55	31	64	15	0	0	0	1	0												0	80										
CORVP1.GADGET7	1	77	CORRAID	64	91	64	64	32	15	0	0	0	1	4												0	0										
CORVP1.GADGET8	1	77	CORMIST	0	155	64	64	32	15	0	0	0	1	4												0	0										
CORVP1.GADGET9	1	0	IGPATCH	64	155	64	64	32	0	0	0	0	1	0														1									
CORVP1.GADGET26	1	1	CORATTACK	5	317	55	31	64	15	0	0	0	1	0												0	65										
CORVP1.GADGET27	1	1	CORDEFEND	5	282	55	31	64	15	0	0	0	1	0												0	103										
CORVP1.GADGET28	1	1	CORBLAST	64	317	55	31	64	15	0	0	0	1	0													100										
DEMOMSG.GADGET0	0	0	HEADER	0	0	640	480	0	0	0	0	0	0	0		2	0	0	0		OK	OK	GotoWebsite														
DEMOMSG.GADGET1	1	0	GotoWebsite	160	400	321	20	2	15	0	0	0	1	0											Go to www.cavedog.com	0	0	0	0								
DEMOMSG.GADGET2	1	0	OK	260	440	120	20	2	15	0	0	0	1	0											OK	0	0	0	0								
gameoptions.GADGET0	0	0	HEADER	0	0	269	351	0	0	0	0	0	0	0		1	0	0	0		OK	OK															
gameoptions.GADGET1	1	0	OK	85	311	95	20	2	15	0	0	0	1	0											OK	0	0	0	0								
LOADGAME.GADGET0	0	0	HEADER	81	27	494	420	52685	52685	52685	0	-51	1	-51		13	-51	-51	-51	NULL	LOAD																
LOADGAME.GADGET1	2	1	GAMES	65	71	242	176	1	15	0	0	0	1	54																							
LOADGAME.GADGET2	1	0	LOAD	353	324	96	20	2	15	0	0	0	1	54											OK	0	13	0	0								
LOADGAME.GADGET3	1	0	CANCEL	353	359	96	20	2	15	0	0	0	1	54											Cancel	0	27	0	0								
LOADGAME.GADGET4	4	1	SLIDER	317	63	16	184	2	4	0	102	0	1	54																		178	56	0	175		
LOADGAME.GADGET5	3	125	GAMENAME	111	275	230	20	0	15	0	0	0	1	89											Name Of Game to Load											20	
LOADGAME.GADGET6	5	243	GAMETYPE	162	315	147	15	33	15	0	0	0	1	0											Game type:												
LOADGAME.GADGET7	5	243	MISSION	162	346	157	18	33	15	0	0	0	1	0											Mission/Map:												
LOADGAME.GADGET8	5	243	TIME	162	378	155	15	33	15	0	0	0	1	0											Time elapsed:												
LOADGAME.GADGET9	5	243	SIDE	162	330	157	18	33	15	0	0	0	1	0											text												
LOADGAME.GADGET10	6	243	RADAR	348	71	121	113	1026	15	0	0	0	1	0										0													
LOADGAME.GADGET11	5	243	DIFF	162	362	155	16	33	15	0	0	0	1	0											Difficulty												
LOADGAME.GADGET12	1	243	DELETE	367	207	96	20	2	15	0	0	0	1	0											Delete Game	0	0	0	0								
LOADGAME.GADGET13	12	0	SaveGame	48	17	56	12	2	15	0	0	0	1	86																							
LOUNGE.GADGET0	0	205	HEADER	0	0	640	480	52685	52685	52685	0	-51	-51	-51		33	-51	-51	-51																		
LOUNGE.GADGET1	3	221	MESSAGE	21	441	414	20	0	15	0	0	0	1	-13																						63	
LOUNGE.GADGET2	5	217	MEMx	337	71	26	13	6	15	0	103	0	0	54											0M												
LOUNGE.GADGET3	1	217	READYx	430	70	24	18	138	15	0	0	0	0	54												0	44	0	0								
LOUNGE.GADGET4	2	1	OUTPUT	21	342	414	96	1	15	0	0	0	1	54																							
LOUNGE.GADGET5	1	240	PREVMENU	496	416	120	20	2	15	0	0	0	1	54											Previous Menu	0	1	0	0								
LOUNGE.GADGET6	1	240	START	508	437	96	30	2	15	0	0	0	1	54											Start Game	0	1	0	0								
LOUNGE.GADGET7	5	221	PINGx	385	71	12	12	2	15	0	60	0	0	54											0												
LOUNGE.GADGET8	1	69	MAP	327	305	120	20	2	15	0	0	0	1	54											Select Map	0	77	0	0								
LOUNGE.GADGET9	6	210	LOGOx	160	70	16	16	33474	64	0	56	-124	1	54										1													
LOUNGE.GADGET10	1	40	RESx	230	69	94	18	2	15	0	0	0	0	54											1600 X 1200	0	0	0	0								
LOUNGE.GADGET11	1	195	SIDEx	104	69	42	18	2	15	0	0	0	0	54											CORE	0	2	0	0								
LOUNGE.GADGET12	1	243	ALLYx	191	69	22	18	138	15	0	0	0	0	0												0	0	0	4								
LOUNGE.GADGET13	4	243	METAL	496	24	118	13	1	4	0	0	0	1	0																		112	22	0	10		
LOUNGE.GADGET14	5	243	RESCTEXT	497	10	41	16	1	15	0	0	0	1	0											Metal												
LOUNGE.GADGET15	4	243	ENERGY	496	59	118	14	1	4	0	99	0	1	-87																		112	22	0	10		
LOUNGE.GADGET16	5	243	TEXT	496	45	57	18	1	15	0	99	0	1	-87											Energy												
LOUNGE.GADGET17	5	243	ENERGYTEXT	578	45	37	12	4	15	0	99	0	1	-87											#												
LOUNGE.GADGET18	5	243	METALTEXT	578	10	37	13	4	15	0	99	0	1	-87											#												
LOUNGE.GADGET19	1	243	PLAYERx	21	69	76	18	2	15	0	0	0	0	-35											Player	0	0	0	0								
LOUNGE.GADGET20	1	243	COMMANDER	496	94	120	20	2	15	0	0	0	1	-121											Cmndr Ends Game	0	0	0	0								
LOUNGE.GADGET21	1	243	MAPPING	496	175	120	20	2	15	0	0	0	1	-121											Full Map	0	100	0	0								
LOUNGE.GADGET22	1	243	LOSTYPE	496	134	120	21	2	15	0	0	0	1	-121											LOS Mode	0	0	0	0								
LOUNGE.GADGET23	1	243	CHEATING	496	255	120	20	2	15	0	0	0	1	-121											Cheat Codes	0	0	0	0								
LOUNGE.GADGET24	1	243	FIXEDLOC	496	215	121	20	2	15	0	0	0	1	-121											Fixed Locations	0	0	0	0								
LOUNGE.GADGET25	1	243	WATCHING	496	295	120	20	2	15	0	0	0	1	-121											Watching Allowe	0	0	0	0								
LOUNGE.GADGET26	5	243	MAPNAME	136	309	171	12	2	15	0	100	0	1	-121											Map Name												
LOUNGE.GADGET27	4	60	MAXUNITS	495	374	120	15	1	4	0	-127	0	1	86																		114	16	0	10		
LOUNGE.GADGET28	5	60	MAXUNITSTEXT	590	360	24	14	4	15	0	-127	0	1	86											#												
LOUNGE.GADGET29	5	60	TEXT	497	360	86	14	1	15	0	-127	0	1	86											Max Units												
LOUNGE.GADGET30	1	0	GAMEOPEN	496	335	120	20	2	15	0	0	0	1	86											Game Is Open	0	101	0	0								
LOUNGE.GADGET31	1	0	RESTRICTIONS	496	396	120	20	2	15	0	0	0	1	86											Build Restrictions	0	101	0	0								
LOUNGE.GADGET32	5	45	HELPTEXT	9	456	447	20	2	15	0	-127	0	1	86																							
LOUNGE.GADGET33	6	0	MAPVIEW	333	326	110	111	0	15	0	0	0	1	0										0													
LOUNGE2.GADGET0	0	205	lounge2.GUI	0	0	640	480	52685	52685	52685	0	-51	-51	-51		42	-51	-51	-51																		
LOUNGE2.GADGET1	3	221	MESSAGE	21	441	294	20	0	15	0	0	0	1	-13																						63	
LOUNGE2.GADGET2	5	217	MEMx	397	69	34	17	18	0	0	103	0	0	54											0M												
LOUNGE2.GADGET3	1	217	READYx	479	71	16	16	138	0	0	0	0	0	54												0	44	0	0								
LOUNGE2.GADGET4	2	1	OUTPUT	21	342	414	96	1	15	0	0	0	1	54																							0
LOUNGE2.GADGET5	1	240	PREVMENU	510	416	120	20	65538	0	0	0	0	1	54											Previous Menu	0	1	0	0								
LOUNGE2.GADGET6	1	240	START	522	437	96	31	65538	0	0	0	0	1	54											Start Game	0	1	0	0								
LOUNGE2.GADGET7	5	221	PINGx	435	69	34	18	18	0	0	60	0	0	54											0												
LOUNGE2.GADGET8	1	69	MAP	327	306	120	20	2	0	0	0	0	1	54											Select Map	0	101	0	0								
LOUNGE2.GADGET9	6	210	LOGOx	179	71	16	16	33474	64	0	56	-124	1	54										1													
LOUNGE2.GADGET10	1	40	RESx	293	69	90	20	2	0	0	0	0	0	54											1600 X 1200	0	49	0	0								
LOUNGE2.GADGET11	1	195	SIDEx	127	69	44	20	1	0	0	0	0	0	54												0	2	0	3								
LOUNGE2.GADGET12	1	243	ALLYx	202	69	38	20	1	0	0	0	0	0	0												0	0	0	4								
LOUNGE2.GADGET13	4	30	METAL	510	24	120	16	1	4	0	0	0	1	0																		106	22	0	10		
LOUNGE2.GADGET14	5	243	RESCTEXT	510	12	41	16	17	0	0	0	0	1	0											Metal						METAL						
LOUNGE2.GADGET15	4	20	ENERGY	510	58	120	16	1	4	0	99	0	1	-87																		106	22	0	10		
LOUNGE2.GADGET16	5	243	TEXT	510	46	57	18	17	0	0	99	0	1	-87											Energy						ENERGY						
LOUNGE2.GADGET17	5	243	ENERGYTEXT	578	46	37	12	20	0	0	99	0	1	-87											#												
LOUNGE2.GADGET18	5	243	METALTEXT	578	12	37	13	20	0	0	99	0	1	-87											#												
LOUNGE2.GADGET19	1	243	PLAYERx	9	69	96	20	2	0	0	0	0	0	-35											Player	0	108	0	0								
LOUNGE2.GADGET20	1	243	COMMANDER	510	94	120	20	1	0	0	0	0	1	-121											Continues|Game ends|Deathmatch	0	67	0	3								
LOUNGE2.GADGET21	1	243	MAPPING	510	175	120	20	16385	0	0	0	0	1	-121											Unmapped|Mapped	0	85	0	2								
LOUNGE2.GADGET22	1	243	LOSTYPE	510	215	120	20	1	0	0	0	0	1	-121											True|Circular|Permanent	0	84	0	3								
LOUNGE2.GADGET23	1	243	CHEATING	510	255	120	20	16385	0	0	0	0	1	-121											Disallowed|Allowed	0	68	0	2								
LOUNGE2.GADGET24	1	243	FIXEDLOC	510	134	120	20	1	0	0	0	0	1	-121											Random|Fixed	0	82	0	2								
LOUNGE2.GADGET25	1	243	WATCHING	510	295	120	20	16385	0	0	0	0	1	-121											Disallowed|Allowed	0	105	0	2								
LOUNGE2.GADGET26	5	243	MAPNAME	110	308	191	13	17	0	0	100	0	1	-121											Map Name												
LOUNGE2.GADGET27	4	60	MAXUNITS	510	374	120	16	1	4	0	-127	0	1	86																		106	16	0	10		
LOUNGE2.GADGET28	5	60	MAXUNITSTEXT	590	362	24	14	20	0	0	-127	0	1	86											#												
LOUNGE2.GADGET29	5	60	TEXT	510	362	86	14	17	0	0	-127	0	1	86											Max Units						MAXUNITS						
LOUNGE2.GADGET30	1	0	GAMEOPEN	510	335	120	20	16385	0	0	0	0	1	86											Closed|Open	0	111	0	2								
LOUNGE2.GADGET31	1	0	RESTRICTIONS	510	396	120	20	2	0	0	0	0	1	86											Build Restrictions	0	66	0	0								
LOUNGE2.GADGET32	5	45	HELPTEXT	9	456	447	20	18	0	0	-127	0	1	86																							
LOUNGE2.GADGET33	5	0	TEXT	510	80	117	14	17	0	0	0	0	1	0											Dead Commander						COMMANDER						
LOUNGE2.GADGET34	5	0	TEXT	510	120	117	17	17	0	0	0	0	1	0											Location						FIXEDLOC						
LOUNGE2.GADGET35	5	0	TEXT	510	160	122	16	17	0	0	0	0	1	0											Mapping Mode						MAPPING						
LOUNGE2.GADGET36	5	0	TEXT	510	201	120	16	17	0	0	0	0	1	0											Line of Sight						LOSTYPE						
LOUNGE2.GADGET37	5	0	TEXT	510	241	114	17	17	0	0	0	0	1	0											Cheat Codes						CHEATING						
LOUNGE2.GADGET38	5	0	TEXT	510	281	114	16	17	0	0	0	0	1	0											Watching						WATCHING						
LOUNGE2.GADGET39	5	0	TEXT	510	321	119	17	17	0	0	0	0	1	0											Game Status						GAMEOPEN						
LOUNGE2.GADGET40	1	0	SYNCHING	522	437	96	31	18	0	0	0	0	1	104											Synching	0	121	1	0								
LOUNGE2.GADGET41	6	0	battlestart	508	437	125	30	0	15	0	0	0	0	0										0													
LOUNGE2.GADGET42	12	0	CDx	105	71	16	16	0	0	0	0	0	0	0																							
LOUNGE2.GADGET43	1	243	TEAMICONSx	248	69	38	20	1	0	0	0	0	0	0												0	0	0	12								
MODEM.GADGET0	0	0	HEADER	70	97	501	154	0	0	0	0	0	0	0		12	0	0	0		HOST	PREV	HOST														
MODEM.GADGET1	2	20	MODEMS	270	28	200	40	1	15	0	0	0	1	101																							
MODEM.GADGET2	5	0	TEXT	270	10	139	15	1	15	0	-127	0	1	101											Modem												
MODEM.GADGET3	1	0	JOIN	358	101	121	20	2	15	0	0	0	1	0											Dial	0	74	0	0								
MODEM.GADGET4	1	0	PREV	358	123	121	19	2	15	0	0	0	1	0											Cancel	0	0	0	0								
MODEM.GADGET5	2	50	ACCOUNTS	15	26	101	120	1	15	0	0	0	1	101																							
MODEM.GADGET6	5	0	TEXT	15	10	95	17	1	15	0	-127	0	1	101											Phone Numbers												
MODEM.GADGET7	4	50	SLIDER	122	23 	11	118	2	4	0	-127	0	1	101																		112	10	0	10		
MODEM.GADGET8	3	0	NAME	149	58 	95	24	0	15	0	0	0	1	101											Test String											63	
MODEM.GADGET9	5	0	TEXT	148	38 	148	18	1	15	0	-127	0	1	101											Name												
MODEM.GADGET10	3	0	NUMBER	148	106	195	24	0	15	0	0	0	1	101											Test String											63	
MODEM.GADGET11	5	0	TEXT	149	88	146	16	1	15	0	-127	0	1	101											Number												
MODEM.GADGET12	1	0	HOST	358	79	121	20	2	15	0	0	0	1	0											Answer	0	72	0	0								
MULTIMSG.GADGET0	0	0	HEADER	147	115	375	375	0	0	0	0	0	0	0		2	0	0	0		OK	OK	GotoWebsite														
MULTIMSG.GADGET1	1	0	GotoWebsite	23	180	321	20	2	15	0	0	0	1	0											Go to www.cavedog.com	0	0	0	0								
MULTIMSG.GADGET2	1	0	OK	123	210	120	20	2	15	0	0	0	1	0											OK	0	0	0	0								
REPORT.GADGET0	0	205	HEADER	0	0	499	449	52685	52685	52685	0	-51	-51	-51		35	-51	-51	-51		OK																
REPORT.GADGET1	1	243	OK	211	415	95	20	2	15	0	0	0	1	22											OK	0	79	0	0								
REPORT.GADGET2	6	0	junk	0	0	0	0	0	15	0	0	0	0	0										0													
REPORT.GADGET3	5	0	TEXT	55	25	453	16	1	15	0	0	0	1	104											Choose where you would like your scores reported to:												
REPORT.GADGET4	1	0	CHK0	60	70	16	16	192	15	0	0	0	0	0												0	0	0	0								
REPORT.GADGET5	5	0	SERVICE0	86	72	355	18	1	15	0	0	0	0	104											Service												
REPORT.GADGET6	1	0	CHK1	60	90	16	16	192	15	0	0	0	0	0												0	0	0	0								
REPORT.GADGET7	5	0	SERVICE1	86	92	355	18	1	15	0	0	0	0	104											Service												
REPORT.GADGET8	1	0	CHK2	60	110	16	16	192	15	0	0	0	0	0												0	0	0	0								
REPORT.GADGET9	5	0	SERVICE2	86	112	355	18	1	15	0	0	0	0	104											Service												
REPORT.GADGET10	1	0	CHK3	60	130	16	16	192	15	0	0	0	0	0												0	0	0	0								
REPORT.GADGET11	5	0	SERVICE3	86	132	355	18	1	15	0	0	0	0	104											Service												
REPORT.GADGET12	1	0	CHK4	60	150	16	16	192	15	0	0	0	0	0												0	0	0	0								
REPORT.GADGET13	5	0	SERVICE4	86	152	355	18	1	15	0	0	0	0	104											Service												
REPORT.GADGET14	1	0	CHK5	60	170	16	16	192	15	0	0	0	0	0												0	0	0	0								
REPORT.GADGET15	5	0	SERVICE5	86	172	355	18	1	15	0	0	0	0	104											Service												
REPORT.GADGET16	1	0	CHK6	60	190	16	16	192	15	0	0	0	0	0												0	0	0	0								
REPORT.GADGET17	5	0	SERVICE6	86	192	355	18	1	15	0	0	0	0	104											Service												
REPORT.GADGET18	1	0	CHK7	60	210	16	16	192	15	0	0	0	0	0												0	0	0	0								
REPORT.GADGET19	5	0	SERVICE7	86	212	355	18	1	15	0	0	0	0	104											Service												
REPORT.GADGET20	1	0	CHK8	60	230	16	16	192	15	0	0	0	0	0												0	0	0	0								
REPORT.GADGET21	5	0	SERVICE8	86	232	355	18	1	15	0	0	0	0	104											Service												
REPORT.GADGET22	1	0	CHK9	60	250	16	16	192	15	0	0	0	0	0												0	0	0	0								
REPORT.GADGET23	5	0	SERVICE9	86	252	355	18	1	15	0	0	0	0	104											Service												
REPORT.GADGET24	1	0	CHK10	60	270	16	16	192	15	0	0	0	0	0												0	0	0	0								
REPORT.GADGET25	5	0	SERVICE10	86	272	355	18	1	15	0	0	0	0	104											Service												
REPORT.GADGET26	1	0	CHK11	60	290	16	16	192	15	0	0	0	0	0												0	0	0	0								
REPORT.GADGET27	5	0	SERVICE11	86	292	355	18	1	15	0	0	0	0	104											Service												
REPORT.GADGET28	1	0	CHK12	60	310	16	16	192	15	0	0	0	0	0												0	0	0	0								
REPORT.GADGET29	5	0	SERVICE12	86	312	355	18	1	15	0	0	0	0	104											Service												
REPORT.GADGET30	1	0	CHK13	60	330	16	16	192	15	0	0	0	0	0												0	0	0	0								
REPORT.GADGET31	5	0	SERVICE13	86	332	355	18	1	15	0	0	0	0	104											Service												
REPORT.GADGET32	1	0	CHK14	60	350	16	16	192	15	0	0	0	0	0												0	0	0	0								
REPORT.GADGET33	5	0	SERVICE14	86	352	355	18	1	15	0	0	0	0	104											Service												
REPORT.GADGET34	1	0	CHK15	60	370	16	16	192	15	0	0	0	0	0												0	0	0	0								
REPORT.GADGET35	5	0	SERVICE15	86	372	355	18	1	15	0	0	0	0	104											Service												
SELMAP.GADGET0	0	0	Selmap.GUI	84	12	494	420	52685	52685	52685	0	-51	1	-51		7	-51	-51	-51	NULL	MAPNAMES	PREVMENU	MAPNAMES														
SELMAP.GADGET1	2	1	MAPNAMES	60	86	230	193	1	15	0	0	0	1	54																							
SELMAP.GADGET2	1	0	PREVMENU	356	360	96	20	2	0	0	0	0	1	54											Cancel	0	67	0	0								
SELMAP.GADGET3	1	0	LOAD	357	325	96	20	2	0	0	0	0	1	54											Select Map	0	83	0	0								
SELMAP.GADGET4	4	1	SLIDER	305	75	16	203	2	4	0	102	0	1	54																		197	56	0	175		
SELMAP.GADGET5	6	0	MAPPIC	347	147	125	125	1024	15	0	0	0	1	0										0													
SELMAP.GADGET6	5	0	DESCRIPTION	60	300	235	31	17	15	0	-127	0	1	102											Description												
SELMAP.GADGET7	5	0	SIZE	60	330	235	18	17	15	0	-127	0	1	102											Size												
SHARE.GADGET0	0	205	Share.GUI	324	-429	233	396	52685	52685	52685	0	-51	-51	-51		14	-51	-51	-51		OK	CANCEL	OK														
SHARE.GADGET1	5	243	TEXT	46	14	142	14	18	15	0	0	0	1	0											TRANSFER RESOURCES												
SHARE.GADGET2	1	243	CANCEL	65	348	96	31	2	0	0	0	0	1	0											Cancel	0	67	0	0								
SHARE.GADGET3	1	243	OK	65	312	96	31	2	0	0	0	0	1	0											OK	0	79	0	0								
SHARE.GADGET4	4	20	METAL	49	188	120	16	1	4	0	0	0	1	0																		139	29	0	10		
SHARE.GADGET5	5	243	TEXT	49	173	67	15	17	15	0	0	0	1	0											Metal												
SHARE.GADGET6	4	21	ENERGY	49	222	120	16	1	4	0	0	0	1	0																		139	27	0	10		
SHARE.GADGET7	5	243	TEXT	48	207	69	14	17	15	0	0	0	1	0											Energy												
SHARE.GADGET8	1	0	SHARUNIT	53	246	120	20	16385	0	0	0	0	1	0											Chosen Units|Chosen Units	0	104	0	2								
SHARE.GADGET9	5	243	METAL#	174	191	88	15	17	15	0	0	0	1	0											METAL#												
SHARE.GADGET10	5	243	ENERGY#	175	223	72	13	17	15	0	0	0	1	0											ENERGY#												
SHARE.GADGET11	2	50	PLYRLIST	39	59	133	101	1	15	0	0	0	1	0																							
SHARE.GADGET12	5	243	TEXT	49	40	134	16	18	15	0	0	0	1	0											Select Player:												
SHARE.GADGET13	1	0	MAPINFO	53	271	120	20	16385	0	0	0	0	1	86											Map Info|Map Info	0	77	0	2								
SHARE.GADGET14	4	50	SLIDER	176	56	16	105	2	4	0	-127	0	1	96																		102	17	0	10		
SKIRMISH.GADGET0	0	205	Skirmish.gui	0	0	640	480	52585	52585	52585	0	-51	-51	-51		15	-51	-51	-51		Start	PrevMenu															
SKIRMISH.GADGET1	1	240	Start	502	430	96	31	2	0	0	0	0	1	54											Start	0	83	0	0								
SKIRMISH.GADGET2	1	240	PrevMenu	476	379	120	20	2	0	0	0	0	1	54											Previous Menu	0	80	0	0								
SKIRMISH.GADGET3	5	243	TEXT	476	132	117	13	17	0	0	0	0	1	0											Location						StartLocation						
SKIRMISH.GADGET4	5	243	TEXT	476	76	119	12	17	0	0	0	0	1	0											Commander						CommanderDeath						
SKIRMISH.GADGET5	1	243	SelectMap	263	379	120	20	2	0	0	0	0	1	0											Select Map	0	101	0	0								
SKIRMISH.GADGET6	1	20	StartLocation	476	153	120	20	1	0	0	0	0	1	0											Fixed|Random	0	70	0	2								
SKIRMISH.GADGET7	1	21	CommanderDeath	476	96	120	20	1	0	0	0	0	1	0											Game ends|Continues	0	71	0	2								
SKIRMISH.GADGET8	1	49	Mapping	476	210	120	20	1	0	0	0	0	1	0											Unmapped|Mapped	0	85	0	2								
SKIRMISH.GADGET9	5	243	TEXT	476	189	117	14	17	0	0	0	0	1	0											Mapping						Mapping						
SKIRMISH.GADGET10	5	243	MapName	47	382	195	15	17	0	0	0	0	1	0																							
SKIRMISH.GADGET11	5	243	TEXT	476	246	119	12	17	0	0	0	0	1	0											Line of Sight						LineOfSight						
SKIRMISH.GADGET12	1	28	LineOfSight	476	267	120	20	1	0	0	0	0	1	0											Permanent|True|Circular	0	114	0	3								
SKIRMISH.GADGET13	5	45	HELPTEXT	42	330	447	20	17	0	0	-127	0	1	86																							
SKIRMISH.GADGET14	1	45	Difficulty	476	324	120	20	1	0	0	0	0	1	-109	Adjust skirmish difficulty.										Easy|Medium|Hard	0	97	0	3								
SKIRMISH.GADGET15	5	243	TEXT	476	303	118	12	17	0	0	0	0	1	0											Difficulty						Difficulty						
skirmishmsg.GADGET0	0	0	HEADER	147	115	375	375	0	0	0	0	0	0	0		2	0	0	0		OK	OK	GotoWebsite														
skirmishmsg.GADGET1	1	0	GotoWebsite	23	180	321	20	2	15	0	0	0	1	0											Go to www.cavedog.com	0	0	0	0								
skirmishmsg.GADGET2	1	0	OK	123	210	120	20	2	15	0	0	0	1	0											OK	0	0	0	0								
TIMEOUT.GADGET0	0	0	timeout.GUI	144	72	391	325	0	0	0	0	0	0	0		5	0	0	0																		
TIMEOUT.GADGET1	5	0	NAME	78	20	219	18	18	0	0	0	0	1	0											So and so												
TIMEOUT.GADGET2	1	0	REJECT	141	69	96	31	2	0	0	0	0	1	0											Reject Now	0	82	0	0								
TIMEOUT.GADGET3	2	0	OUTPUT	19	118	345	133	257	15	0	0	0	1	105																							0
TIMEOUT.GADGET4	3	0	TALK	19	259	220	19	1	15	0	0	0	1	89																						63	
TIMEOUT.GADGET5	5	0	TIMETEXT	68	40	252	18	18	0	0	0	0	1	0											has not responded for %d seconds												
UNITINFO.GADGET0	0	0	HEADER	148	80	340	150	0	0	0	0	0	1	0		5	1	0	0	NULL	DONE	DONE	DONE														
UNITINFO.GADGET1	1	0	DONE	185	120	95	20	2	15	0	0	0	1	0											Done	0	0	0									
UNITINFO.GADGET2	6	0	HOTR	20	40	96	96	0	0	0	0	0	1	0										0													
UNITINFO.GADGET3	5	0	ENERGY	144	42	85	15	1	15	0	0	0	1	0																							
UNITINFO.GADGET4	5	0	METAL	144	72	88	14	1	15	0	0	0	1	0																							
UNITINFO.GADGET5	5	0	NAME	20	15	260	12	1	15	0	0	0	1	0																							
Unitinfox.GADGET0	0	0	HEADER	203	105	325	190	0	0	0	0	0	1	0		3	1	0	0	NULL	DONE	DONE	DONE														
Unitinfox.GADGET1	1	0	DONE	20	145	96	20	2	15	0	0	0	1	0											OK	0	0	0	0								
Unitinfox.GADGET2	6	0	HOTR	20	32	96	96	0	0	0	0	0	1	0										0													
Unitinfox.GADGET3	5	0	NAME	20	14	257	12	1	15	0	0	0	1	0																							